{"sections":{"banner":{"type":"main-collection-banner","disabled":true,"settings":{"color_scheme":"","overlay_opacity":12,"section_layout":"full","add_word":"Collection","show_word":false,"show_collection_description":true,"description_products":"","image_size":"medium","show_collection_image":false,"margin_top":"s","margin_bottom":"xs","padding_top":"no-indent","padding_bottom":"no-indent"}},"product-grid":{"type":"main-collection-product-grid","settings":{"products_per_page":23,"per_row":4,"show_two_cards":true,"show_secondary_image":true,"show_sku":false,"show_vendor":false,"show_collection_name":false,"show_desc":false,"show_color_swatch":false,"image_ratio":"square","image_fit":"contain","enable_filtering":false,"filter_type":"vertical","enable_sorting":false,"padding_top":"m","padding_bottom":"m"}}},"order":["banner","product-grid"]}