{"sections":{"image_banner_dVnnaa":{"type":"image-banner","settings":{"full_width":true,"color_scheme":"background-2","heading":"TODAY ONLY","description":"<p>WANT 10% OFF?<\/p>","text_align":"center","text_vertical":"center","button_label":"CLAIM OFFER","button_link":"https:\/\/pscrpt.io\/90kwLX","button_style":"primary","image":"shopify:\/\/shop_images\/03.jpg","image_size":"medium","overlay_opacity":23,"margin_top":"no-indent","margin_bottom":"no-indent","padding_top":"s","padding_bottom":"s"}},"popular-products":{"type":"popular-products","settings":{"product_list":["ivey-dog-tags","x","product-3"],"heading":"Best Sellers","description":"<p><strong>limited time only<\/strong><\/p>","button_label":"VIEW ALL","button_link":"shopify:\/\/collections\/all","button_style":"primary","autoplay":true,"stop_autoplay":true,"show_arrows":true,"slideshow_speed":1.1,"slideshow_delay":3,"image_ratio":"square","image_fit":"cover","show_two_cards":true,"show_secondary_image":true,"show_sku":false,"show_vendor":false,"show_collection_name":false,"show_color_swatch":false,"show_desc":false,"margin_top":"xs","margin_bottom":"xs"}},"popular_products_HaU9dz":{"type":"popular-products","disabled":true,"settings":{"product_list":["blue-jorts","rhinestone-jorts"],"heading":"Original Jorts","description":"<p><strong>Low Stock<\/strong><\/p>","button_label":"SHOP NOW","button_link":"shopify:\/\/collections\/bottoms","button_style":"primary","autoplay":true,"stop_autoplay":true,"show_arrows":true,"slideshow_speed":1.1,"slideshow_delay":3,"image_ratio":"square","image_fit":"cover","show_two_cards":true,"show_secondary_image":true,"show_sku":false,"show_vendor":false,"show_collection_name":false,"show_color_swatch":false,"show_desc":false,"margin_top":"xs","margin_bottom":"xs"}},"products_grid_XggMFU":{"type":"products-grid","disabled":true,"settings":{"products_per_page":50,"sort":"products_high","heading":"","description":"","button_label":"","button_link":"","button_style":"secondary","show_two_cards":true,"show_secondary_image":true,"show_sku":false,"show_vendor":false,"show_collection_name":true,"show_desc":false,"show_color_swatch":false,"image_ratio":"portrait","image_fit":"cover","margin_top":"no-indent","margin_bottom":"xs"}},"products_grid_yetfVp":{"type":"products-grid","disabled":true,"settings":{"products_per_page":8,"sort":"products_high","heading":"BEST SELLERS","description":"<p>LIMITED TIME ONLY<\/p>","button_label":"VIEW ALL","button_link":"shopify:\/\/collections\/best-sellers","button_style":"secondary","show_two_cards":true,"show_secondary_image":true,"show_sku":false,"show_vendor":false,"show_collection_name":false,"show_desc":false,"show_color_swatch":false,"image_ratio":"portrait","image_fit":"contain","margin_top":"xs","margin_bottom":"xs"}},"image_with_text_hmMi8y":{"type":"image-with-text","settings":{"color_scheme":"","heading":"<strong>\"Opposites Attract\" Bomber <\/strong>","heading_size":"h3","badge":"<strong>BEST SELLING<\/strong>","text":"","primary_button_label":"VIEW ALL","primary_button_link":"shopify:\/\/products\/product-2","primary_button_style":"primary","secondary_button_label":"","secondary_button_link":"","image_first":"shopify:\/\/shop_images\/010.jpg","hide_img":true,"image_ratio":"square","margin_top":"no-indent","margin_bottom":"no-indent","padding_top":"s","padding_bottom":"s","enable_border_top":false,"enable_border_bottom":false}},"featured_product_jQdEbp":{"type":"featured-product","blocks":{"tags_e36kKQ":{"type":"tags","disabled":true,"settings":{}},"title_dwXPEW":{"type":"title","settings":{}},"icon_with_text_Cq6UPf":{"type":"icon-with-text","settings":{"show_icon":false,"heading":"Free shipping included"}},"price_6W9yxd":{"type":"price","settings":{}},"variant_picker_TyzhRJ":{"type":"variant_picker","settings":{"picker_type":"button","show_size_guide":true,"size_guide_header":"Header","size_guide_decription":"","size_guide_text":"Size Guide","page":""}},"buy_buttons_X6hYfD":{"type":"buy_buttons","settings":{"show_dynamic_checkout":false,"show_quantity":false,"show_gift_card_recipient":false}},"share_ktLnX4":{"type":"share","disabled":true,"settings":{"show_share_facebook":true,"show_share_twitter":true,"show_share_telegram":true,"show_share_copy":true}}},"block_order":["tags_e36kKQ","title_dwXPEW","icon_with_text_Cq6UPf","price_6W9yxd","variant_picker_TyzhRJ","buy_buttons_X6hYfD","share_ktLnX4"],"settings":{"heading":"Low In Stock","description":"<p>6 pieces left<\/p>","product":"x","show_two":true,"margin_top":"s","margin_bottom":"s"}},"image_banner_MJLeLH":{"type":"image-banner","settings":{"full_width":true,"color_scheme":"background-2","heading":"<strong>BECOME A MEMBER<\/strong>","description":"<h4>GET 10% OFF YOUR ORDER<\/h4>","text_align":"center","text_vertical":"center","button_label":"CLAIM MEMBERSHIP","button_link":"https:\/\/pscrpt.io\/90kwLX","button_style":"secondary","image":"shopify:\/\/shop_images\/020.jpg","image_size":"medium","overlay_opacity":0,"margin_top":"no-indent","margin_bottom":"no-indent","padding_top":"s","padding_bottom":"s"}}},"order":["image_banner_dVnnaa","popular-products","popular_products_HaU9dz","products_grid_XggMFU","products_grid_yetfVp","image_with_text_hmMi8y","featured_product_jQdEbp","image_banner_MJLeLH"]}