{"sections":{"main":{"type":"main-product","blocks":{"tags":{"type":"tags","settings":{}},"title":{"type":"title","settings":{}},"price":{"type":"price","settings":{}},"variant_picker":{"type":"variant_picker","settings":{"picker_type":"button","show_size_guide":false,"size_guide_header":"Header","size_guide_decription":"","size_guide_text":"Size Guide","page":""}},"buy_buttons":{"type":"buy_buttons","settings":{"show_dynamic_checkout":false,"show_quantity":false,"show_gift_card_recipient":false}},"icon_with_text_JWKtP7":{"type":"icon-with-text","settings":{"show_icon":true,"heading":"Free Shipping"}},"description":{"type":"description","settings":{"description_heading":""}}},"block_order":["tags","title","price","variant_picker","buy_buttons","icon_with_text_JWKtP7","description"],"settings":{"image_gallery_collage":"thumbnail_carousel","enable_autoheight":true,"desktop_alignment":"left","mobile_alignment":"after","image_fit":"contain","padding_top":"no-indent","padding_bottom":"no-indent"}},"product-recommendations":{"type":"product-recommendations","disabled":true,"settings":{"heading":"Other Items","description":"<p>Other items customers bought with this product.<\/p>","autoplay":true,"stop_autoplay":true,"show_arrows":false,"slideshow_speed":1.1,"slideshow_delay":3,"button_label":"Button label","button_link":"","button_style":"secondary","image_ratio":"portrait","image_fit":"cover","show_two_cards":true,"show_collection_name":true,"show_secondary_image":true,"show_sku":false,"show_vendor":false,"show_color_swatch":false,"show_desc":false,"margin_top":"xs","margin_bottom":"xs"}},"collapsible_content_63TbxM":{"type":"collapsible-content","blocks":{"text_block_JiawNH":{"type":"text-block","settings":{"block_heading":"SHIPPING & DELIVERY","text":"<h3>Pre-Order Information<\/h3><p>This is a pre-order. Please allow 2-5 weeks for production.<\/p><p><strong>Free Shipping:<\/strong> Limited time only.<\/p><p><strong>Real-Time Updates:<\/strong> Receive order status notifications via email and SMS.<\/p><p><strong>Need Help?<\/strong> Our team is ready to assist! Contact us anytime.<\/p>"}},"text_block_fbkrKE":{"type":"text-block","settings":{"block_heading":"CARE INSTRUCTIONS","text":"<p>Wash cold.<\/p><p>Gentle cycle. <\/p><p>Low heat iron if needed. <\/p>"}},"text_block_H4HJAe":{"type":"text-block","settings":{"block_heading":"<strong>GARMENT DETAILS<\/strong>","text":"<p>Description<\/p>"}},"text_block_znL8ji":{"type":"text-block","settings":{"block_heading":"SIZE GUIDE","text":"<p>SIZING CHART AT THE END OF PHOTO SLIDESHOW<\/p>"}}},"block_order":["text_block_JiawNH","text_block_fbkrKE","text_block_H4HJAe","text_block_znL8ji"],"disabled":true,"settings":{"color_scheme":"","heading":"MORE INFO","description":"","button_label":"","button_link":"","button_style":"primary","margin_top":"no-indent","margin_bottom":"no-indent","padding_top":"no-indent","padding_bottom":"no-indent","enable_border_top":false,"enable_border_bottom":false}},"image_with_text_graNHE":{"type":"image-with-text","disabled":true,"settings":{"color_scheme":"","heading":"<strong> One Of One LA's<\/strong>","heading_size":"h1","badge":"<strong>Exclusive<\/strong>","text":"<p>Elevate your style with our luxurious Blue Jorts Originals. Crafted for the discerning trendsetter.<\/p><h3><\/h3>","primary_button_label":"","primary_button_link":"","primary_button_style":"primary","secondary_button_label":"","secondary_button_link":"","hide_img":true,"image_ratio":"square","margin_top":"no-indent","margin_bottom":"no-indent","padding_top":"s","padding_bottom":"s","enable_border_top":false,"enable_border_bottom":false}},"popular_products_CCpMbH":{"type":"popular-products","disabled":true,"settings":{"product_list":["apollo-denim","apollo-jersey","apollo-zip"],"heading":"SHOP THE SALE","description":"<p>Limited Time Only<\/p>","button_label":"SHOP NOW","button_link":"shopify:\/\/products\/blue-jorts","button_style":"primary","autoplay":false,"stop_autoplay":true,"show_arrows":true,"slideshow_speed":1.1,"slideshow_delay":3,"image_ratio":"portrait","image_fit":"contain","show_two_cards":true,"show_secondary_image":true,"show_sku":false,"show_vendor":false,"show_collection_name":true,"show_color_swatch":false,"show_desc":false,"margin_top":"xs","margin_bottom":"xs"}}},"order":["main","product-recommendations","collapsible_content_63TbxM","image_with_text_graNHE","popular_products_CCpMbH"]}