{"sections":{"main":{"type":"main-page","disabled":true,"settings":{"padding_top":28,"padding_bottom":28}},"4ccd8321-2055-4ff9-b0bf-22dd44968c64":{"type":"slideshow","blocks":{"template--18902817014048__4ccd8321-2055-4ff9-b0bf-22dd44968c64-16833953448c84de10-0":{"type":"slide","settings":{"image":"shopify:\/\/shop_images\/mys.webp","heading":"SEAGGS SLIDE","heading_size":"h1","subheading":"Tell your brand's story through images","button_label":"Shop now","link":"shopify:\/\/collections\/all","button_style_secondary":true,"box_align":"bottom-center","show_text_box":true,"text_alignment":"center","image_overlay_opacity":0,"color_scheme":"background-1","text_alignment_mobile":"center"}},"template--18902817014048__4ccd8321-2055-4ff9-b0bf-22dd44968c64-16833953448c84de10-1":{"type":"slide","disabled":true,"settings":{"heading":"Image slide","heading_size":"h1","subheading":"Tell your brand's story through images","button_label":"Button label","link":"","button_style_secondary":false,"box_align":"middle-center","show_text_box":true,"text_alignment":"center","image_overlay_opacity":0,"color_scheme":"background-1","text_alignment_mobile":"center"}}},"block_order":["template--18902817014048__4ccd8321-2055-4ff9-b0bf-22dd44968c64-16833953448c84de10-0","template--18902817014048__4ccd8321-2055-4ff9-b0bf-22dd44968c64-16833953448c84de10-1"],"settings":{"layout":"grid","slide_height":"adapt_image","slider_visual":"numbers","auto_rotate":false,"change_slides_speed":5,"show_text_below":true,"accessibility_info":"Slideshow about our brand"}}},"order":["main","4ccd8321-2055-4ff9-b0bf-22dd44968c64"]}