{"current":{"logo":"shopify:\/\/shop_images\/white-crop.gif","logo_width":130,"shop_logo_width_mobile":110,"favicon":"shopify:\/\/shop_images\/GERARD_LOGO_1.png","enable_custom_font":false,"custom_font_name_heading":"Heartbit-Bold","custom_font_url_heading":"https:\/\/cdn.shopify.com\/s\/files\/1\/0682\/0393\/8080\/files\/Heartbit-Bold.woff2?v=1679574712","custom_font_name_regular":"Heartbit-Bold","custom_font_url_regular":"https:\/\/cdn.shopify.com\/s\/files\/1\/0682\/0393\/8080\/files\/Heartbit-Bold.woff2?v=1679574712","product_animation":"fade-in","hide_card_price":false,"card_price_text_size":14,"price_position":"center","hide_card_name":false,"card_name_text_size":15,"card_heading_position":"center","hide_card_badge":false,"on_card_glow":true,"card_glow_color":"#a6a6a6","card_glow_size":15,"on_card_border":false,"on_card_border_hover":true,"card_border_size":1,"card_border_color":"#000000","card_border_radius":0,"enable_custom_cursor":false,"cursor_image":"shopify:\/\/shop_images\/87018_1_1.png","header_menu_mobile_text_color":"#ffffff","custom_menu_drawer_bg":"#121212","header_icons_color":"#ffffff","header_bubble_color":"#000000","badge_text_color":"#000000","quick_add_bg":"#000000","quick_add_color":"#ffffff","site_text_color":"#ffffff","site_button_color":"#ffffff","site_button_bg_color":"#000000","custom_add_to_cart_color":"#000000","custom_add_to_cart_bg":"#ffffff","cartbuttonbghover":"#000000","cartbuttonhovertext":"#ffffff","product_checked_pills":"#e7e7e7","product_checked_pills_text":"#000000","fkxcopy_color":"#000000","type_header_font":"eurostile_next_n7","heading_scale":100,"type_body_font":"eurostile_next_n6","body_scale":100,"hide_enter-page":false,"page_width":1200,"spacing_sections":0,"spacing_grid_horizontal":8,"spacing_grid_vertical":8,"buttons_border_thickness":1,"buttons_border_opacity":100,"buttons_radius":24,"buttons_shadow_opacity":0,"buttons_shadow_horizontal_offset":0,"buttons_shadow_vertical_offset":4,"buttons_shadow_blur":5,"variant_pills_border_thickness":1,"variant_pills_border_opacity":55,"variant_pills_radius":12,"variant_pills_shadow_opacity":0,"variant_pills_shadow_horizontal_offset":2,"variant_pills_shadow_vertical_offset":4,"variant_pills_shadow_blur":5,"inputs_border_thickness":1,"inputs_border_opacity":55,"inputs_radius":8,"inputs_shadow_opacity":0,"inputs_shadow_horizontal_offset":0,"inputs_shadow_vertical_offset":0,"inputs_shadow_blur":0,"text_boxes_border_thickness":0,"text_boxes_border_opacity":10,"text_boxes_radius":0,"text_boxes_shadow_opacity":0,"text_boxes_shadow_horizontal_offset":0,"text_boxes_shadow_vertical_offset":4,"text_boxes_shadow_blur":5,"media_border_thickness":1,"media_border_opacity":5,"media_radius":0,"media_shadow_opacity":0,"media_shadow_horizontal_offset":0,"media_shadow_vertical_offset":4,"media_shadow_blur":5,"popup_border_thickness":1,"popup_border_opacity":10,"popup_corner_radius":0,"popup_shadow_opacity":0,"popup_shadow_horizontal_offset":0,"popup_shadow_vertical_offset":4,"popup_shadow_blur":5,"drawer_border_thickness":1,"drawer_border_opacity":10,"drawer_shadow_opacity":0,"drawer_shadow_horizontal_offset":0,"drawer_shadow_vertical_offset":4,"drawer_shadow_blur":5,"badge_position":"top right","badge_corner_radius":40,"brand_headline":"","brand_description":"<p><\/p>","brand_image_width":100,"social_icons_size":24,"social_facebook_link":"","social_instagram_link":"https:\/\/www.instagram.com\/bagtalkym?igsh=MWQ1ZGUxMzBkMA==","social_youtube_link":"https:\/\/youtube.com\/@bagtalkthelabell?si=zApXlFGbcldvdyXy","social_tiktok_link":"https:\/\/www.tiktok.com\/@everythingbagz?_t=8lw99k5DECY&_r=1","social_twitter_link":"","social_discord_link":"https:\/\/discord.gg\/shopify","social_snapchat_link":"","social_soundcloud_link":"https:\/\/soundcloud.com\/shopify","social_pinterest_link":"","social_tumblr_link":"","social_vimeo_link":"","predictive_search_enabled":true,"predictive_search_show_vendor":false,"predictive_search_show_price":false,"currency_code_enabled":true,"cart_show_free_shipping_threshold":true,"cart_free_shipping_threshold":"200","cart_type":"drawer","show_vendor":false,"show_cart_note":false,"cart_drawer_collection":"","cart_icon_style":"text","enable_free_shipping_info":true,"free_shipping_info_minimum":"150","show_music":true,"music_url":"https:\/\/cdn.shopify.com\/s\/files\/1\/0682\/0393\/8080\/files\/Yeat_-_No_more_talk.mp3?v=1681667489","music_btn_color":"#ffffff","card_style":"standard","card_image_padding":0,"card_text_alignment":"left","card_color_scheme":"background-2","card_border_thickness":0,"card_border_opacity":15,"card_corner_radius":0,"card_shadow_opacity":0,"card_shadow_horizontal_offset":0,"card_shadow_vertical_offset":4,"card_shadow_blur":5,"collection_card_style":"standard","collection_card_image_padding":0,"collection_card_text_alignment":"left","collection_card_color_scheme":"background-2","collection_card_border_thickness":0,"collection_card_border_opacity":10,"collection_card_corner_radius":0,"collection_card_shadow_opacity":0,"collection_card_shadow_horizontal_offset":0,"collection_card_shadow_vertical_offset":4,"collection_card_shadow_blur":5,"blog_card_style":"standard","blog_card_image_padding":0,"blog_card_text_alignment":"left","blog_card_color_scheme":"background-2","blog_card_border_thickness":0,"blog_card_border_opacity":10,"blog_card_corner_radius":0,"blog_card_shadow_opacity":0,"blog_card_shadow_horizontal_offset":0,"blog_card_shadow_vertical_offset":4,"blog_card_shadow_blur":5,"sale_badge_color_scheme":"accent-1","sold_out_badge_color_scheme":"inverse","accent_icons":"text","copy_color":"#dcdcdc","colors_solid_button_labels":"#000000","colors_accent_1":"#ffffff","gradient_accent_1":"","colors_accent_2":"#ffffff","gradient_accent_2":"","colors_text":"#ffffff","colors_outline_button_labels":"#ffffff","colors_background_1":"#000000","gradient_background_1":"","colors_background_2":"rgba(0,0,0,0)","gradient_background_2":"","show_disk":true,"audio_file_url":"https:\/\/cdn.shopify.com\/s\/files\/1\/0682\/0393\/8080\/files\/Yeat_-_No_more_talk.mp3?v=1681667489","hide_card_info":true,"custom_font_name":"HeartBit","custom_font_url":"https:\/\/cdn.shopify.com\/s\/files\/1\/0682\/0393\/8080\/files\/Heartbit-Bold.woff2?v=1679574712","sections":{"main-password-header":{"type":"main-password-header","settings":{"logo_pass":"shopify:\/\/shop_images\/fkslogooffcl.png","logo_width_pass":220,"pass_logo_width_mobile":200,"enable_shipping_status":true,"collection_name":"Collection name","collection_status":"Collection in process..","button_text_color":"#ffffff","button_bg_color":"#150e2e","modal_bg_color":"#161616","close_icon_color":"#ffffff"}},"main-password-footer":{"type":"main-password-footer","settings":{}},"enter-page":{"type":"enter-page","custom_css":[],"settings":{"show_enter_page":true,"show_solid_color_enter":false,"solid_color_enter":"#ffffff","enter_gradient_color":"","show_video_bg":true,"background_video_url":"https:\/\/cdn.shopify.com\/videos\/c\/o\/v\/93445f4650004ef0bfaf1adad848a984.mp4","background_video_url_mobile":"https:\/\/cdn.shopify.com\/videos\/c\/o\/v\/93445f4650004ef0bfaf1adad848a984.mp4","enter_bg_blur":0,"logo_image":"shopify:\/\/shop_images\/funny_you_are_reading_this.png","logoenter_size":290,"logoenter_size_mobile":200,"logo_container_top":5,"logo_container_top_mobile":5,"logo_animation":"fade-in","logo_3d":false,"logo_3d_link":"https:\/\/cdn.shopify.com\/s\/files\/1\/0682\/0393\/8080\/files\/earth.glb?v=1699966119","enable_auto_rotate":true,"auto_rotate_speed":60,"logo_3d_width_pc":200,"logo_3d_height_pc":200,"logo_3d_width_mobile":200,"logo_3d_height_mobile":200,"add_date_time":false,"date_time_color":"#ffffff","date_time_size":13,"home_nav":"main-menu","menu_font_size":15,"enter_menu_space":0,"menu_text_color":"#ffffff","menu_text_transform":"uppercase","menu_list_alignment":"center","enter_menu_font_weight":"regular","enable_menu_animation":false,"show_text_glow":false,"menu_text_glow_color":"#cacaca","enable_menu_highlight":true,"menu_highlight_static_color":"rgba(0,0,0,0)","menu_highlight_color":"#000000","menu_highlight_font_color":"#ffffff","menu_highlight_border":1,"menu_highlight_border_width":4,"enable_menu_arrows":true,"show_enter_button":false,"enter_button_text":"Shop all","enter_button_link":"shopify:\/\/collections\/all","enable_enter_button_img":false,"enter_button_img_size":210,"enter_button_img_link":"shopify:\/\/collections\/all","show_enterfooter":true,"icons_color":"#ffffff","copy_text_color":"rgba(0,0,0,0)","show_enter_skip_button":false,"enter_skip_button_color":"#d4d4d4","enter_skip_button_size":17,"show_two_bg":false,"two_bg_enter_button_text":"ENTER","two_bg_seconds":"3"}},"websitebg":{"type":"websitebg","settings":{"show_website_bg_color":false,"website_bg_solid_color":"#ffffff","website_gradient_color":"","show_video_bg_website":true,"background_video_url_website":"https:\/\/cdn.shopify.com\/videos\/c\/o\/v\/93445f4650004ef0bfaf1adad848a984.mp4","background_video_url_website_mobile":"https:\/\/cdn.shopify.com\/videos\/c\/o\/v\/93445f4650004ef0bfaf1adad848a984.mp4","site_bg_blur":0}},"running-text":{"type":"running-text","settings":{"show_runningtext":true,"running_text":"Grand Opening 4\/29","run_text_color":"#ffffff","run_line_color":"#d1d1d1","background_color":"#000000","runningfont_size":14,"runningfont_transform":"uppercase"}},"collections-filter":{"type":"collections-filter","settings":{"enable_collection_filter":false,"collections_link_size":15,"collections_link_color":"#000000","collections_border_color":"#585858"}},"pagebg":{"type":"pagebg","settings":{"show_page_bg":true,"pagebg_image":"shopify:\/\/shop_images\/32.gif","show_page_bg_color":false,"page_bg_solid_color":"rgba(0,0,0,0)","page_bg_solid_color_gradient":"linear-gradient(0deg, rgba(254, 224, 224, 1), rgba(255, 255, 255, 1) 28.849%, rgba(255, 255, 255, 1) 100%)","show_video_bg_page":false,"background_video_url_page":"https:\/\/cdn.shopify.com\/videos\/c\/o\/v\/46cc18e592864a43a346b8032f38b680.mp4","background_video_url_page_mobile":"https:\/\/cdn.shopify.com\/videos\/c\/o\/v\/bdda76898684442a9abe8bbfd11d50ef.mp4","page_bg_blur":20}},"pageloader":{"type":"pageloader","settings":{"enable_page_loader":false,"page_loader_logo_size":170,"page_loader_color":"#000000","enable_page_loader_animation":true}},"passwordbg":{"type":"passwordbg","settings":{"pagebg_image":"shopify:\/\/shop_images\/45.gif","show_page_bg_color":false,"page_bg_solid_color":"#000000","page_bg_solid_color_gradient":"","show_video_bg_page":false,"background_video_url_page":"","background_video_url_page_mobile":"","pass_bg_blur":20}},"pass-text-colors":{"type":"pass-text-colors","settings":{"password_text_color":"#ffffff","sub_button_color":"#000000","sub_button_bg_color":"#ffffff","pass_modal_bg_color":"#000000"}},"countdowntimer":{"type":"countdowntimer","settings":{"enable_timer":true,"timer_date":"2023-11-20 19:00:00","timer_number_color":"#ffffff","timer_number_size":51,"timer_text_color":"#ffffff","timer_text_size":17}},"audio-player":{"type":"audio-player","settings":{"enable_audio_player":false,"audio_file_url":"https:\/\/cdn.shopify.com\/s\/files\/1\/0682\/0393\/8080\/files\/Yeat_-_Poppin__musmore.com.mp3?v=1684646008","audio_player_color":"#ffffff"}},"custom-cursor":{"type":"custom-cursor","settings":{}},"hide-sold-out":{"type":"hide-sold-out","settings":{"enable_hide_sold_out":false,"bg_slider_off":"#a9a9a9","color_slider_off":"#ffffff","bg_slider_on":"#1c1c1c","color_slider_on":"#ffffff","hide_font_size":18}},"PREORDER-TRACKING":{"type":"PREORDER-TRACKING","blocks":{"dd2da712-385c-4b86-8093-6019b3c42249":{"type":"block","settings":{"status":"in_process_color","heading1":"PRE ORDER LIVE","paragraph1":"01.10.23","heading2":"PRE ORDER WILL BE LIVE FOR 20 DAYS"}}},"block_order":["dd2da712-385c-4b86-8093-6019b3c42249"],"settings":{"in_process_color":"#ffffff","finished_color":"#000000","vert_title_size":22,"vert_date_size":16,"vert_desc_size":18}},"pass-status":{"type":"pass-status","settings":{"enable_shipping_status":true,"collection_name":"\"COLLECTION NAME\"","collection_status":"Collection in process..","button_text_color":"#ffffff","button_bg_color":"#444444","modal_bg_color":"#363636","close_icon_color":"#ffffff"}},"newsletter-popup":{"type":"newsletter-popup","settings":{"enable_news_pop_up":false,"background_color":"#000000","pop_close_color":"#000000","title_color":"#ffffff","subtitle_color":"#cacaca","button_bg_color":"#484848","button_text_color":"#fafafa","popup_title":"Subscribe to Our Newsletter","popup_subtitle":"Get updates and special offers","button_text":"Subscribe","popup_delay":3,"enable_pop_photo":true,"photowidthpc":350,"photowidthmobile":300}}},"content_for_index":[]},"presets":{"Default":{"logo_width":90,"colors_solid_button_labels":"#ffffff","colors_accent_1":"#121212","gradient_accent_1":"","colors_accent_2":"#334fb4","gradient_accent_2":"","colors_text":"#121212","colors_outline_button_labels":"#121212","colors_background_1":"#ffffff","gradient_background_1":"","colors_background_2":"#f3f3f3","gradient_background_2":"","type_header_font":"assistant_n4","heading_scale":100,"type_body_font":"assistant_n4","body_scale":100,"page_width":1200,"spacing_sections":0,"spacing_grid_horizontal":8,"spacing_grid_vertical":8,"buttons_border_thickness":1,"buttons_border_opacity":100,"buttons_radius":0,"buttons_shadow_opacity":0,"buttons_shadow_horizontal_offset":0,"buttons_shadow_vertical_offset":4,"buttons_shadow_blur":5,"variant_pills_border_thickness":1,"variant_pills_border_opacity":55,"variant_pills_radius":40,"variant_pills_shadow_opacity":0,"variant_pills_shadow_horizontal_offset":0,"variant_pills_shadow_vertical_offset":4,"variant_pills_shadow_blur":5,"inputs_border_thickness":1,"inputs_border_opacity":55,"inputs_radius":0,"inputs_shadow_opacity":0,"inputs_shadow_horizontal_offset":0,"inputs_shadow_vertical_offset":4,"inputs_shadow_blur":5,"card_style":"standard","card_image_padding":0,"card_text_alignment":"left","card_color_scheme":"background-2","card_border_thickness":0,"card_border_opacity":10,"card_corner_radius":0,"card_shadow_opacity":0,"card_shadow_horizontal_offset":0,"card_shadow_vertical_offset":4,"card_shadow_blur":5,"collection_card_style":"standard","collection_card_image_padding":0,"collection_card_text_alignment":"left","collection_card_color_scheme":"background-2","collection_card_border_thickness":0,"collection_card_border_opacity":10,"collection_card_corner_radius":0,"collection_card_shadow_opacity":0,"collection_card_shadow_horizontal_offset":0,"collection_card_shadow_vertical_offset":4,"collection_card_shadow_blur":5,"blog_card_style":"standard","blog_card_image_padding":0,"blog_card_text_alignment":"left","blog_card_color_scheme":"background-2","blog_card_border_thickness":0,"blog_card_border_opacity":10,"blog_card_corner_radius":0,"blog_card_shadow_opacity":0,"blog_card_shadow_horizontal_offset":0,"blog_card_shadow_vertical_offset":4,"blog_card_shadow_blur":5,"text_boxes_border_thickness":0,"text_boxes_border_opacity":10,"text_boxes_radius":0,"text_boxes_shadow_opacity":0,"text_boxes_shadow_horizontal_offset":0,"text_boxes_shadow_vertical_offset":4,"text_boxes_shadow_blur":5,"media_border_thickness":1,"media_border_opacity":5,"media_radius":0,"media_shadow_opacity":0,"media_shadow_horizontal_offset":0,"media_shadow_vertical_offset":4,"media_shadow_blur":5,"popup_border_thickness":1,"popup_border_opacity":10,"popup_corner_radius":0,"popup_shadow_opacity":0,"popup_shadow_horizontal_offset":0,"popup_shadow_vertical_offset":4,"popup_shadow_blur":5,"drawer_border_thickness":1,"drawer_border_opacity":10,"drawer_shadow_opacity":0,"drawer_shadow_horizontal_offset":0,"drawer_shadow_vertical_offset":4,"drawer_shadow_blur":5,"badge_position":"bottom left","badge_corner_radius":40,"sale_badge_color_scheme":"accent-2","sold_out_badge_color_scheme":"inverse","accent_icons":"text","brand_headline":"","brand_description":"<p><\/p>","brand_image_width":100,"social_twitter_link":"","social_facebook_link":"","social_pinterest_link":"","social_instagram_link":"","social_tiktok_link":"","social_tumblr_link":"","social_snapchat_link":"","social_youtube_link":"","social_vimeo_link":"","predictive_search_enabled":true,"predictive_search_show_vendor":false,"predictive_search_show_price":false,"currency_code_enabled":true,"cart_type":"notification","show_vendor":false,"show_cart_note":false,"cart_drawer_collection":"","sections":{"main-password-header":{"type":"main-password-header","settings":{"button_text_color":"#ffffff","button_bg_color":"#000000","modal_bg_color":"#ffffff","close_icon_color":"#000000"}},"main-password-footer":{"type":"main-password-footer","settings":{}}}}}}