{"current":{"music_img":"shopify:\/\/shop_images\/czNmcy1wcml2YXRlL3Jhd3BpeGVsX2ltYWdlcy93ZWJzaXRlX2NvbnRlbnQvam9iNjgxLTAwNDUtcC1sMWxnZ2hpbi5wbmc-removebg-preview_3a83a362-aeca-4c68-bfa3-ca205c9bd9de.png","music_url":"","bimg":"shopify:\/\/shop_images\/481-ezgif.com-video-to-gif-converter.gif","video_1000":false,"bimg_1000":false,"bimg_10":false,"loader_option":"loader","loader_background":"#ffffff","loader_image":"shopify:\/\/shop_images\/lostworld3.png","colors_solid_button_labels":"#000000","colors_accent_1":"#ffffff","colors_accent_2":"#ffffff","colors_text":"#ffffff","colors_outline_button_labels":"#ffffff","colors_background_1":"#000000","colors_background_2":"#000000","type_header_font":"helvetica_n7","type_body_font":"helvetica_n7","sale_badge_color_scheme":"accent-2","sold_out_badge_color_scheme":"inverse","accent_icons":"outline-button","page_width":"1600","social_mail_link":"itsbishopbreaux@gmail.com","social_twitter_link":"https:\/\/twitter.com\/itsbishopbreaux","social_facebook_link":"https:\/\/facebook.com\/itsbishopbreaux","social_instagram_link":"https:\/\/instagram.com\/itsbishopbreaux","social_tiktok_link":"https:\/\/www.tiktok.com\/@itsbishopbreaux?_t=8j3Zs7APvsw&_r=1","social_youtube_link":"","predictive_search_enabled":false,"favicon":"shopify:\/\/shop_images\/full-earthchain.png","currency_code_enabled":true,"checkout_header_image":"shopify:\/\/shop_images\/full-earthchain.png","sections":{"announcement-bar":{"type":"announcement-bar","blocks":{"announcement-bar-0":{"type":"announcement","settings":{"text":"","color_scheme":"background-1","link":""}}},"block_order":["announcement-bar-0"],"settings":{}},"header":{"type":"header","settings":{"color_scheme":"background-1","logo":"shopify:\/\/shop_images\/lostwrld_1.png","logo_width":140,"logo_position":"middle-left","menu":"main-menu","show_line_separator":false,"enable_sticky_header":false}},"footer":{"type":"footer","blocks":{"footer-0":{"type":"link_list","disabled":true,"settings":{"heading":"Quick links","menu":"footer"}},"footer-1":{"type":"text","disabled":true,"settings":{"heading":"Heading","subtext":"<p>Share store details, promotions, or brand content with your customers.<\/p>"}}},"block_order":["footer-0","footer-1"],"settings":{"color_scheme":"background-1","newsletter_enable":false,"newsletter_heading":"Subscribe to our emails","show_social":true,"enable_country_selector":false,"enable_language_selector":false,"payment_enable":false}}},"content_for_index":[]},"presets":{"Default":{"colors_solid_button_labels":"#FFFFFF","colors_accent_1":"#121212","colors_accent_2":"#334FB4","colors_text":"#121212","colors_outline_button_labels":"#121212","colors_background_1":"#FFFFFF","colors_background_2":"#F3F3F3","type_header_font":"assistant_n4","type_body_font":"assistant_n4","sections":{"announcement-bar":{"type":"announcement-bar","blocks":{"announcement-bar-0":{"type":"announcement","settings":{"color_scheme":"background-1"}}},"block_order":["announcement-bar-0"],"settings":{}}}},"Craft":{"colors_solid_button_labels":"#EFECEC","colors_accent_1":"#2A332F","colors_accent_2":"#476154","colors_text":"#1C1A1A","colors_outline_button_labels":"#7B8382","colors_background_1":"#EFECEC","colors_background_2":"#C1BCAE","type_header_font":"americana_n4","type_body_font":"quattrocento_sans_n4","sections":{"footer":{"type":"footer","blocks":{"menu":{"type":"link_list","settings":{}},"text":{"type":"text","settings":{}}},"block_order":["menu","text"],"settings":{"color_scheme":"accent-1"}}}}}}