{"sections":{"pagefly-home":{"type":"sb-home","settings":{"enter_color":"#000000"}},"gallery_TJCkV9":{"type":"gallery","blocks":{"tab_block_z6MXMC":{"type":"tab_block","settings":{"block_image":"shopify:\/\/shop_images\/IMG_3153_9d969213-88b0-4fe6-8b68-a65559289bb5.jpg","block_text":"","initial_left":64,"initial_top":50,"z_index":3,"backgroundtabcolor":"#47352c","animation_type":"fade-in"}},"tab_block_hLxYL7":{"type":"tab_block","settings":{"block_image":"shopify:\/\/shop_images\/IMG_4318.jpg","block_text":"","initial_left":77,"initial_top":39,"z_index":3,"backgroundtabcolor":"#a16043","animation_type":"fade-in"}},"tab_block_DhNW6X":{"type":"tab_block","settings":{"block_image":"shopify:\/\/shop_images\/460365248_1065632978447311_3907748986267754143_n.jpg","block_text":"","initial_left":2,"initial_top":51,"z_index":3,"backgroundtabcolor":"#47352c","animation_type":"fade-in"}},"tab_block_iRyhHp":{"type":"tab_block","settings":{"block_image":"shopify:\/\/shop_images\/461112199_1276102410218234_4742163255753460968_n.jpg","block_text":"","initial_left":12,"initial_top":23,"z_index":3,"backgroundtabcolor":"#b15c36","animation_type":"fade-in"}},"tab_block_g33KJV":{"type":"tab_block","settings":{"block_image":"shopify:\/\/shop_images\/IMG_5998.jpg","block_text":"","initial_left":0,"initial_top":0,"z_index":3,"backgroundtabcolor":"#ed5711","animation_type":"fade-in"}}},"block_order":["tab_block_z6MXMC","tab_block_hLxYL7","tab_block_DhNW6X","tab_block_iRyhHp","tab_block_g33KJV"],"settings":{}}},"order":["pagefly-home","gallery_TJCkV9"],"layout":"theme.home"}