{"sections":{"main":{"type":"main-page","disabled":true,"settings":{}},"195583a1-ec3c-43cb-aa71-b536816e2338":{"type":"rich-text","blocks":{"template--14479987703937__195583a1-ec3c-43cb-aa71-b536816e2338-1675644121081abbc3-0":{"type":"heading","settings":{"heading":"About our Brand","heading_size":"h2"}},"template--14479987703937__195583a1-ec3c-43cb-aa71-b536816e2338-1675644121081abbc3-1":{"type":"text","settings":{"text":"<h5>MMM, also known as Money Making Mindset, is a clothing brand that embodies a relentless pursuit of wealth and success. It promotes the idea that a \"money-making mindset\" is essential for achieving success in life and encourages individuals to push themselves to the limit. It speaks to the entrepreneurial spirit and the belief that anyone can achieve their dreams if they are willing to work hard and never give up.<br\/><br\/>Remember, money rules the world.<\/h5>"}}},"block_order":["template--14479987703937__195583a1-ec3c-43cb-aa71-b536816e2338-1675644121081abbc3-0","template--14479987703937__195583a1-ec3c-43cb-aa71-b536816e2338-1675644121081abbc3-1"],"custom_css":["p {color: white;}"],"settings":{"color_scheme":"background-1","full_width":true}}},"order":["main","195583a1-ec3c-43cb-aa71-b536816e2338"]}