{"sections":{"main":{"type":"main-page","disabled":true,"settings":{}},"277a1e67-cd59-49df-9128-6e8507729e33":{"type":"multicolumn","blocks":{"template--14479987736705__277a1e67-cd59-49df-9128-6e8507729e33-1675644533b1d0541f-0":{"type":"column","settings":{"image":"shopify:\/\/shop_images\/1.jpg","title":"","text":""}},"template--14479987736705__277a1e67-cd59-49df-9128-6e8507729e33-1675644533b1d0541f-1":{"type":"column","settings":{"image":"shopify:\/\/shop_images\/unnamed_31.jpg","title":"","text":""}},"template--14479987736705__277a1e67-cd59-49df-9128-6e8507729e33-1675644533b1d0541f-2":{"type":"column","settings":{"image":"shopify:\/\/shop_images\/unnamed_20_c379fe44-7f5c-4e6c-adc2-ce24062def2b.jpg","title":"","text":""}}},"block_order":["template--14479987736705__277a1e67-cd59-49df-9128-6e8507729e33-1675644533b1d0541f-0","template--14479987736705__277a1e67-cd59-49df-9128-6e8507729e33-1675644533b1d0541f-1","template--14479987736705__277a1e67-cd59-49df-9128-6e8507729e33-1675644533b1d0541f-2"],"settings":{"title":"","image_width":"full","image_ratio":"adapt","column_alignment":"center","background_style":"none","button_label":"","button_link":"","swipe_on_mobile":false}}},"order":["main","277a1e67-cd59-49df-9128-6e8507729e33"]}