{"current":{"type_section_header_font":"inter_n9","type_header_font":"inter_n8","type_header_letter_spacing":-0.3,"type_header_line_height":1.2,"font_header_text_transform":"none","type_header_font_card":"inter_n4","type_text_font_card":"inter_n4","type_body_font":"inter_n4","type_subtitle_font":"inter_n5","type_button_font":"inter_n7","type_header_menu_font":"inter_n9","type_footer_menu_font":"inter_n9","type_popups_heading_font":"inter_n8","type_popups_text_font":"inter_n4","sections":{"main-password-header":{"type":"main-password-header","settings":{"logo":"shopify:\/\/shop_images\/logo.webp","logo_max_width":100,"color_scheme":""}},"main-password-footer":{"type":"main-password-footer","settings":{"color_scheme":""}}},"content_for_index":[],"blocks":{"855628211100114053":{"type":"shopify:\/\/apps\/klaviyo-email-marketing-sms\/blocks\/klaviyo-onsite-embed\/2632fe16-c075-4321-a88b-50b567f42507","disabled":false,"settings":{}}},"color_schemes":{"background-1":{"settings":{"colors_text":"#141414","colors_secondary_text":"#737373","colors_text_title":"#141414","colors_background_1":"#ffffff","colors_background_2":"#f6f6f6","background_gradient":"","colors_primary_button_labels":"#ffffff","colors_primary_button_labels_hover":"#ffffff","colors_primary_button_background":"#141414","colors_primary_button_background_hover":"#3f3f3f","colors_secondary_button_labels":"#141414","colors_secondary_button_labels_hover":"#141414","colors_secondary_button_background":"#f6f6f6","colors_secondary_button_background_hover":"#ececec","colors_tertiary_button_labels":"#141414","colors_input_background":"#f6f6f6","colors_input_border":"#f6f6f6","colors_input_hover_border":"#f6f6f6","colors_input_hover_background":"#f6f6f6","colors_background_overlay":"#ffffff","color_border":"#eaeaea","color_accent":"#f6f6f6"}},"background-2":{"settings":{"colors_text":"#ffffff","colors_secondary_text":"#ffffff","colors_text_title":"#ffffff","colors_background_1":"#1f1f1f","colors_background_2":"#171717","background_gradient":"","colors_primary_button_labels":"#ffffff","colors_primary_button_labels_hover":"#ffffff","colors_primary_button_background":"#141414","colors_primary_button_background_hover":"#3f3f3f","colors_secondary_button_labels":"#141414","colors_secondary_button_labels_hover":"#141414","colors_secondary_button_background":"#f6f6f6","colors_secondary_button_background_hover":"#ececec","colors_tertiary_button_labels":"#ffffff","colors_input_background":"#ffffff","colors_input_border":"#ffffff","colors_input_hover_border":"#ffffff","colors_input_hover_background":"#fbfbfb","colors_background_overlay":"#141414","color_border":"#eaeaea","color_accent":"#171717"}},"background-3":{"settings":{"colors_text":"#737373","colors_secondary_text":"#141414","colors_text_title":"#141414","colors_background_1":"#ffffff","colors_background_2":"#f6f6f6","background_gradient":"","colors_primary_button_labels":"#ffffff","colors_primary_button_labels_hover":"#ffffff","colors_primary_button_background":"#141414","colors_primary_button_background_hover":"#141414","colors_secondary_button_labels":"#141414","colors_secondary_button_labels_hover":"#141414","colors_secondary_button_background":"#ffffff","colors_secondary_button_background_hover":"#ffffff","colors_tertiary_button_labels":"#141414","colors_input_background":"#f6f6f6","colors_input_border":"#f6f6f6","colors_input_hover_border":"#f6f6f6","colors_input_hover_background":"#f6f6f6","colors_background_overlay":"#ffffff","color_border":"#eaeaea","color_accent":"#f6f6f6"}}}},"presets":{"Monochrome":{"color_schemes":{"background-1":{"settings":{"colors_text":"#141414","colors_secondary_text":"#737373","colors_text_title":"#141414","colors_background_1":"#ffffff","colors_background_2":"#f6f6f6","background_gradient":"","colors_primary_button_labels":"#ffffff","colors_primary_button_labels_hover":"#ffffff","colors_primary_button_background":"#141414","colors_primary_button_background_hover":"#3f3f3f","colors_secondary_button_labels":"#141414","colors_secondary_button_labels_hover":"#141414","colors_secondary_button_background":"#f6f6f6","colors_secondary_button_background_hover":"#ececec","colors_tertiary_button_labels":"#141414","colors_input_background":"#f6f6f6","colors_input_border":"#f6f6f6","colors_input_hover_border":"#f6f6f6","colors_input_hover_background":"#f6f6f6","colors_background_overlay":"#ffffff","color_border":"#eaeaea","color_accent":"#f6f6f6"}},"background-2":{"settings":{"colors_text":"#ffffff","colors_secondary_text":"#ffffff","colors_text_title":"#ffffff","colors_background_1":"#1f1f1f","colors_background_2":"#171717","background_gradient":"","colors_primary_button_labels":"#ffffff","colors_primary_button_labels_hover":"#ffffff","colors_primary_button_background":"#141414","colors_primary_button_background_hover":"#3f3f3f","colors_secondary_button_labels":"#141414","colors_secondary_button_labels_hover":"#141414","colors_secondary_button_background":"#f6f6f6","colors_secondary_button_background_hover":"#ececec","colors_tertiary_button_labels":"#ffffff","colors_input_background":"#ffffff","colors_input_border":"#ffffff","colors_input_hover_border":"#ffffff","colors_input_hover_background":"#fbfbfb","colors_background_overlay":"#141414","color_border":"#eaeaea","color_accent":"#171717"}},"background-3":{"settings":{}}},"type_section_header_font":"inter_n9","type_header_font":"inter_n8","type_header_letter_spacing":-0.3,"type_header_line_height":1.2,"font_header_text_transform":"none","type_header_font_card":"inter_n4","type_text_font_card":"inter_n4","type_body_font":"inter_n4","type_subtitle_font":"inter_n5","type_button_font":"inter_n7","type_header_menu_font":"inter_n9","type_footer_menu_font":"inter_n9","type_popups_heading_font":"inter_n8","type_popups_text_font":"inter_n4","content_for_index":[]},"Quicksand":{"color_schemes":{"background-1":{"settings":{"colors_text":"#38443e","colors_secondary_text":"#737373","colors_text_title":"#38443e","colors_background_1":"#f1ebe7","colors_background_2":"#fbf8f6","background_gradient":"","colors_primary_button_labels":"#ffffff","colors_primary_button_labels_hover":"#ffffff","colors_primary_button_background":"#38443e","colors_primary_button_background_hover":"#4b5952","colors_secondary_button_labels":"#38443e","colors_secondary_button_labels_hover":"#38443e","colors_secondary_button_background":"#fbf8f6","colors_secondary_button_background_hover":"#ffffff","colors_tertiary_button_labels":"#38443e","colors_input_background":"#fbf8f6","colors_input_border":"#fbf8f6","colors_input_hover_border":"#fffbf7","colors_input_hover_background":"#fffbf7","colors_background_overlay":"#ffffff","color_border":"#d7d2c4","color_accent":"#fbf8f6"}},"background-2":{"settings":{"colors_text":"#ffffff","colors_secondary_text":"#ffffff","colors_text_title":"#ffffff","colors_background_1":"#1f1f1f","colors_background_2":"#171717","background_gradient":"","colors_primary_button_labels":"#ffffff","colors_primary_button_labels_hover":"#ffffff","colors_primary_button_background":"#38443e","colors_primary_button_background_hover":"#4b5952","colors_secondary_button_labels":"#141414","colors_secondary_button_labels_hover":"#141414","colors_secondary_button_background":"#f6f6f6","colors_secondary_button_background_hover":"#ffffff","colors_tertiary_button_labels":"#ffffff","colors_input_background":"#ffffff","colors_input_border":"#ffffff","colors_input_hover_border":"#ffffff","colors_input_hover_background":"#fbfbfb","colors_background_overlay":"#141414","color_border":"#eaeaea","color_accent":"#171717"}},"background-3":{"settings":{}}},"type_header_font":"inter_n8","type_header_letter_spacing":-0.3,"type_header_line_height":1.2,"font_header_text_transform":"none","type_header_font_card":"inter_n4","type_text_font_card":"inter_n4","type_body_font":"inter_n4","type_subtitle_font":"inter_n5","type_button_font":"inter_n7","type_header_menu_font":"inter_n9","type_footer_menu_font":"inter_n9","type_popups_heading_font":"inter_n8","type_popups_text_font":"inter_n4","content_for_index":[]},"Slate":{"color_schemes":{"background-1":{"settings":{"colors_text":"#222c3c","colors_secondary_text":"#737373","colors_text_title":"#222c3c","colors_background_1":"#cfd0d3","colors_background_2":"#dedfe3","background_gradient":"","colors_primary_button_labels":"#ffffff","colors_primary_button_labels_hover":"#ffffff","colors_primary_button_background":"#222c3c","colors_primary_button_background_hover":"#323e52","colors_secondary_button_labels":"#222c3c","colors_secondary_button_labels_hover":"#222c3c","colors_secondary_button_background":"#dedfe3","colors_secondary_button_background_hover":"#eff0f3","colors_tertiary_button_labels":"#222c3c","colors_input_background":"#dedfe3","colors_input_border":"#dedfe3","colors_input_hover_border":"#d5d7de","colors_input_hover_background":"#d5d7de","colors_background_overlay":"#ffffff","color_border":"#babbc0","color_accent":"#dedfe3"}},"background-2":{"settings":{"colors_text":"#ffffff","colors_secondary_text":"#ffffff","colors_text_title":"#ffffff","colors_background_1":"#1f1f1f","colors_background_2":"#171717","background_gradient":"","colors_primary_button_labels":"#ffffff","colors_primary_button_labels_hover":"#ffffff","colors_primary_button_background":"#222c3c","colors_primary_button_background_hover":"#323e52","colors_secondary_button_labels":"#222c3c","colors_secondary_button_labels_hover":"#222c3c","colors_secondary_button_background":"#dedfe3","colors_secondary_button_background_hover":"#eff0f3","colors_tertiary_button_labels":"#ffffff","colors_input_background":"#ffffff","colors_input_border":"#ffffff","colors_input_hover_border":"#fbfbfb","colors_input_hover_background":"#fbfbfb","colors_background_overlay":"#141414","color_border":"#eaeaea","color_accent":"#171717"}},"background-3":{"settings":{"colors_text":"#222c3c","colors_secondary_text":"#737373","colors_text_title":"#222c3c","colors_background_1":"#dedfe3","colors_background_2":"#f6f6f6","background_gradient":"","colors_primary_button_labels":"#ffffff","colors_primary_button_labels_hover":"#ffffff","colors_primary_button_background":"#222c3c","colors_primary_button_background_hover":"#323e52","colors_secondary_button_labels":"#141414","colors_secondary_button_labels_hover":"#141414","colors_secondary_button_background":"#f6f6f6","colors_secondary_button_background_hover":"#eff0f3","colors_tertiary_button_labels":"#141414","colors_input_background":"#dedfe3","colors_input_border":"#dedfe3","colors_input_hover_border":"#f6f6f6","colors_input_hover_background":"#f6f6f6","colors_background_overlay":"#ffffff","color_border":"#eaeaea","color_accent":"#cfd0d3"}}},"type_header_font":"inter_n8","type_header_letter_spacing":-0.3,"type_header_line_height":1.2,"font_header_text_transform":"none","type_header_font_card":"inter_n4","type_text_font_card":"inter_n4","type_body_font":"inter_n4","type_subtitle_font":"inter_n5","type_button_font":"inter_n7","type_header_menu_font":"inter_n9","type_footer_menu_font":"inter_n9","type_popups_heading_font":"inter_n8","type_popups_text_font":"inter_n4","content_for_index":[]},"Neon":{"color_schemes":{"background-1":{"settings":{"colors_text":"#141414","colors_secondary_text":"#737373","colors_text_title":"#141414","colors_background_1":"#ffffff","colors_background_2":"#f6f6f6","background_gradient":"","colors_primary_button_labels":"#ffffff","colors_primary_button_labels_hover":"#ffffff","colors_primary_button_background":"#ff4f04","colors_primary_button_background_hover":"#ff6f32","colors_secondary_button_labels":"#141414","colors_secondary_button_labels_hover":"#141414","colors_secondary_button_background":"#f6f6f6","colors_secondary_button_background_hover":"#eeeeef","colors_tertiary_button_labels":"#ff4f04","colors_input_background":"#f6f6f6","colors_input_border":"#f6f6f6","colors_input_hover_border":"#f6f6f6","colors_input_hover_background":"#f6f6f6","colors_background_overlay":"#ffffff","color_border":"#eaeaea","color_accent":"#f6f6f6"}},"background-2":{"settings":{"colors_text":"#ffffff","colors_secondary_text":"#ffffff","colors_text_title":"#ffffff","colors_background_1":"#1f1f1f","colors_background_2":"#171717","background_gradient":"","colors_primary_button_labels":"#ffffff","colors_primary_button_labels_hover":"#ffffff","colors_primary_button_background":"#ff4f04","colors_primary_button_background_hover":"#ff6f32","colors_secondary_button_labels":"#141414","colors_secondary_button_labels_hover":"#141414","colors_secondary_button_background":"#f6f6f6","colors_secondary_button_background_hover":"#eeeeef","colors_tertiary_button_labels":"#ffffff","colors_input_background":"#ffffff","colors_input_border":"#ffffff","colors_input_hover_border":"#ffffff","colors_input_hover_background":"#fbfbfb","colors_background_overlay":"#141414","color_border":"#eaeaea","color_accent":"#171717"}},"background-3":{"settings":{}}},"type_header_font":"inter_n8","type_header_letter_spacing":-0.3,"type_header_line_height":1.2,"font_header_text_transform":"none","type_header_font_card":"inter_n4","type_text_font_card":"inter_n4","type_body_font":"inter_n4","type_subtitle_font":"inter_n5","type_button_font":"inter_n7","type_header_menu_font":"inter_n9","type_footer_menu_font":"inter_n9","type_popups_heading_font":"inter_n8","type_popups_text_font":"inter_n4","content_for_index":[]},"Pinewood":{"color_schemes":{"background-1":{"settings":{"colors_text":"#fff2e5","colors_secondary_text":"#b5b2a6","colors_text_title":"#fff2e5","colors_background_1":"#465248","colors_background_2":"#3f4941","background_gradient":"","colors_primary_button_labels":"#fff2e5","colors_primary_button_labels_hover":"#fff2e5","colors_primary_button_background":"#2b2826","colors_primary_button_background_hover":"#44403d","colors_secondary_button_labels":"#fff2e5","colors_secondary_button_labels_hover":"#fff2e5","colors_secondary_button_background":"#3f4941","colors_secondary_button_background_hover":"#505a52","colors_tertiary_button_labels":"#fff2e5","colors_input_background":"#3f4941","colors_input_border":"#3f4941","colors_input_hover_border":"#3d4640","colors_input_hover_background":"#3d4640","colors_background_overlay":"#000000","color_border":"#657168","color_accent":"#3f4941"}},"background-2":{"settings":{"colors_text":"#fff2e5","colors_secondary_text":"#b5b2a6","colors_text_title":"#fff2e5","colors_background_1":"#3f4941","colors_background_2":"#3f4941","background_gradient":"","colors_primary_button_labels":"#fff2e5","colors_primary_button_labels_hover":"#fff2e5","colors_primary_button_background":"#2b2826","colors_primary_button_background_hover":"#44403d","colors_secondary_button_labels":"#fff2e5","colors_secondary_button_labels_hover":"#fff2e5","colors_secondary_button_background":"#3f4941","colors_secondary_button_background_hover":"#505a52","colors_tertiary_button_labels":"#fff2e5","colors_input_background":"#363e38","colors_input_border":"#363e38","colors_input_hover_border":"#3d4640","colors_input_hover_background":"#3d4640","colors_background_overlay":"#000000","color_border":"#657168","color_accent":"#3f4941"}},"background-3":{"settings":{}}},"type_header_font":"inter_n8","type_header_letter_spacing":-0.3,"type_header_line_height":1.2,"font_header_text_transform":"none","type_header_font_card":"inter_n4","type_text_font_card":"inter_n4","type_body_font":"inter_n4","type_subtitle_font":"inter_n5","type_button_font":"inter_n7","type_header_menu_font":"inter_n9","type_footer_menu_font":"inter_n9","type_popups_heading_font":"inter_n8","type_popups_text_font":"inter_n4","content_for_index":[]}}}