{"sections":{"main":{"type":"main-page","settings":{"padding_top":28,"padding_bottom":28}},"preorder-tracking":{"type":"preorder-tracking","blocks":{"1b38732b-2bca-4ae2-a119-07a6f77316f9":{"type":"block","settings":{"status":"finished_color","heading1":"PRE ORDER LIVE","paragraph1":"01.10.2023","heading2":"THE PRE ORDER WILL BE LIVE FOR 20 DAYS"}},"ac8bbf83-009e-489b-bc42-24dce9b7df57":{"type":"block","settings":{"status":"in_process_color","heading1":"PRE ORDER CLOSED","paragraph1":"20.10.2023","heading2":"PRE ORDER CLOSES AFTER 9 DAYS"}}},"block_order":["1b38732b-2bca-4ae2-a119-07a6f77316f9","ac8bbf83-009e-489b-bc42-24dce9b7df57"],"settings":{"in_process_color":"#000000","finished_color":"#000000","vert_title_size":22,"vert_date_size":16,"vert_desc_size":15}}},"order":["main","preorder-tracking"]}