{"sections":{"main":{"type":"main-product","blocks":{"title":{"type":"title","settings":{}},"price":{"type":"price","settings":{}},"eed9ac14-de59-42b3-8ec2-639dd84c8212":{"type":"shipping-time","disabled":true,"settings":{"preorder_premade":"Pre-made","ship_date_text":"15-20"}},"custom_liquid_8B88Ub":{"type":"custom_liquid","settings":{"custom_liquid":"<div style=\"display:flex;\nalign-items:center; gap:10px;\" class=\"invertory_cstm\">\n<svg width=\"15\" height=\"15\" aria-hidden=\"true\">\n                        <circle cx=\"7.5\" cy=\"7.5\" r=\"7.5\" fill=\"rgb(62,214,96, 0.3)\"\/>\n                        <circle cx=\"7.5\" cy=\"7.5\" r=\"5\" stroke=\"rgb(255, 255, 255)\" stroke-width=\"1\" fill=\"rgb(62,214,96)\"\/>\n                      <\/svg>\n<span>Low stock,  Selling Fast<\/span>\n<\/div>"}},"inventory_NMUyCr":{"type":"inventory","disabled":true,"settings":{"text_style":"body","inventory_threshold":25,"show_inventory_quantity":true}},"variant_picker":{"type":"variant_picker","settings":{"picker_type":"button"}},"quantity_selector":{"type":"quantity_selector","disabled":true,"settings":{}},"9de8bd8f-ead6-4a23-8ac3-d875e106b476":{"type":"popup","disabled":true,"settings":{"text":"SIZE TABLE","page":"size-chart"}},"buy_buttons":{"type":"buy_buttons","settings":{"show_dynamic_checkout":false}},"description":{"type":"description","settings":{}}},"block_order":["title","price","eed9ac14-de59-42b3-8ec2-639dd84c8212","custom_liquid_8B88Ub","inventory_NMUyCr","variant_picker","quantity_selector","9de8bd8f-ead6-4a23-8ac3-d875e106b476","buy_buttons","description"],"settings":{"enable_prev_next":true,"enable_sticky_info":false,"media_size":"small","constrain_to_viewport":true,"media_fit":"contain","gallery_layout":"thumbnail_slider","media_position":"left","image_zoom":"lightbox","mobile_thumbnails":"hide","hide_variants":true,"enable_video_looping":false,"padding_top":36,"padding_bottom":12}},"related-products":{"type":"related-products","disabled":true,"settings":{"heading":"You may also like","heading_size":"h2","products_to_show":4,"columns_desktop":4,"color_scheme":"background-1","image_ratio":"square","show_secondary_image":true,"show_vendor":false,"show_rating":false,"columns_mobile":"2","padding_top":36,"padding_bottom":28}}},"order":["main","related-products"]}