{"layout":"password","sections":{"main":{"type":"email-signup-banner","blocks":{"heading":{"type":"heading","settings":{"heading":"BE THE FIRST ONE TO KNOW!","heading_size":"h1"}},"paragraph":{"type":"paragraph","disabled":true,"settings":{"text":"<p>Be the first to know when we launch.<\/p>","text_style":"body"}},"email_form":{"type":"email_form","settings":{}}},"block_order":["heading","paragraph","email_form"],"settings":{"enable_first_name":false,"enable_last_name":false,"desktop_content_position":"middle-center","show_text_box":false,"desktop_content_alignment":"center","mobile_content_alignment":"center"}}},"order":["main"]}