{"sections":{"home":{"type":"home","settings":{"padding":2,"enter_logo":"https:\/\/cdn.shopify.com\/3d\/models\/462ad1484408a021\/Family_Over_Everything_2.glb","skyboximg":"https:\/\/cdn.shopify.com\/s\/files\/1\/0714\/3368\/3198\/files\/buildings.hdr","menu_selection":"main-menu","menupadding":5,"enter_color":"#ffffff","mobilebg_color":"#333333"}},"music":{"type":"music","settings":{"music":"https:\/\/cdn.shopify.com\/s\/files\/1\/0714\/3368\/3198\/files\/Mobb_Deep_-_Shook_Ones_Pt._II_Official_Audio.mp3?v=1728857070","size":26}}},"order":["home","music"],"layout":"theme.home"}