{"name":"t:sections.header.name","type":"header","sections":{"announcement-bar":{"type":"announcement-bar","blocks":{"announcement_yyNac8":{"type":"announcement","settings":{"text":"We Liveee!","text_alignment":"center","color_scheme":"inverse","link":""}},"announcement_cYApLB":{"type":"announcement","settings":{"text":"Welcome to our store","text_alignment":"center","color_scheme":"accent-1","link":""}}},"block_order":["announcement_yyNac8","announcement_cYApLB"],"settings":{}},"header":{"type":"header","settings":{"logo_position":"middle-center","menu":"main-menu","heading_menu_size_custom":16,"menu_type_desktop":"dropdown","sticky_header_type":"none","show_line_separator":false,"mobile_logo_position":"center","margin_bottom":0,"padding_top":20,"padding_bottom":20}},"2fdc4d38-0d9a-442f-aa28-acdb8ef7e8ef":{"type":"header-time","settings":{"pc_date_time":false,"mobile_date_time":false,"shop_date_time_color":"#ffffff","shop_date_time_size":13}}},"order":["announcement-bar","header","2fdc4d38-0d9a-442f-aa28-acdb8ef7e8ef"]}