{"sections":{"image-banner":{"type":"image-banner","settings":{"image__":"shopify:\/\/shop_images\/naddd.jpg","text__h":"DRIVEN BY PAIN","heading_color":"#ffffff","text__b":"NEWEST DROP","text__bu":"shopify:\/\/collections\/all","button_bcolor":"#c3c3c3","button_color":"#ffffff","number__":32}},"featured-collection":{"type":"featured-collection","settings":{"collection_handle":"","products_per_page":20,"collection-title":"","margin-top":0,"margin-bottom":0}}},"order":["image-banner","featured-collection"]}