{"sections":{"main":{"type":"main-page","settings":{}},"gallery_teU8Nq":{"type":"gallery","blocks":{"image_cJJMfa":{"type":"image","settings":{"image":"shopify:\/\/shop_images\/naddd.jpg"}},"image_fRgxe7":{"type":"image","settings":{"image":"shopify:\/\/shop_images\/unnamed_20_66a606f0-c3ca-43bd-952d-65a3c24f6f0b.jpg"}},"image_4LcwXi":{"type":"image","settings":{"image":"shopify:\/\/shop_images\/kbbiee_9925b355-b0aa-40e8-a721-fe54200e615f.jpg"}},"image_jcgjAj":{"type":"image","settings":{"image":"shopify:\/\/shop_images\/unnamed_21.jpg"}},"image_jWCGDT":{"type":"image","settings":{"image":"shopify:\/\/shop_images\/unnamed_4_39977eef-81e5-4954-bca6-37092444e712.jpg"}}},"block_order":["image_cJJMfa","image_fRgxe7","image_4LcwXi","image_jcgjAj","image_jWCGDT"],"settings":{"size__":240}}},"order":["main","gallery_teU8Nq"]}