{"layout":"password","sections":{"main":{"type":"password-main","blocks":{"logo_BWT7CD":{"type":"logo","settings":{}},"announcement_qd8ThC":{"type":"announcement","settings":{}},"email_signup_yWRPnk":{"type":"email-signup","settings":{}},"custom_liquid_8Hcmqe":{"type":"custom-liquid","disabled":true,"settings":{"custom_liquid":""}},"password_GqyVmP":{"type":"password","settings":{}}},"block_order":["logo_BWT7CD","announcement_qd8ThC","email_signup_yWRPnk","custom_liquid_8Hcmqe","password_GqyVmP"],"settings":{"logo-size":150,"logo-size-mobile":100,"announcement-text":"JOIN EMAIL LIST FOR EARLY ACCESS","pass-background":"image","pass-background-color":"#ffffff","pass-background-gradient":"","pass-background-image":"shopify:\/\/shop_images\/hd-stone-texture-131613998504.jpg","margin-top":10,"margin-bottom":15,"pass-text-color":"#ffffff","pass-button-color":"#ffffff","pass-button-bg":"#000000","popup-bg":"#ffffff"}}},"order":["main"]}