{"sections":{"main":{"type":"main-page","disabled":true,"settings":{"padding_top":28,"padding_bottom":28}},"d5849bde-8a51-48da-8918-c210de12535b":{"type":"rich-text","blocks":{"template--14487334748289__d5849bde-8a51-48da-8918-c210de12535b-16786007466a8a6879-0":{"type":"heading","settings":{"heading":"<p>Talk About Your Brand<\/p>","heading_size":"h1"}},"template--14487334748289__d5849bde-8a51-48da-8918-c210de12535b-16786007466a8a6879-1":{"type":"text","settings":{"text":"<p>Access this section through the Theme Customizer!<br\/>Navigate through Online Store -&gt; Customize, then browse to this page to edit the text.<\/p>"}}},"block_order":["template--14487334748289__d5849bde-8a51-48da-8918-c210de12535b-16786007466a8a6879-0","template--14487334748289__d5849bde-8a51-48da-8918-c210de12535b-16786007466a8a6879-1"],"settings":{"desktop_content_position":"center","content_alignment":"center","color_scheme":"background-1","full_width":true,"padding_top":40,"padding_bottom":52}}},"order":["main","d5849bde-8a51-48da-8918-c210de12535b"]}