{"sections":{"home":{"type":"home","settings":{"logo":"https:\/\/cdn.shopify.com\/3d\/models\/aef5b03250484305\/x.glb","logow":200,"logoh":200,"header":"","button_text":"SHOP","button_url":"shopify:\/\/collections","brand_statisfied_text":"100+ STATISFIED BRANDS"}},"featured_collection_a4Jahp":{"type":"featured-collection","custom_css":["span.price-item.price-item--regular,.price {font-weight: bolder; font-size: 1rem; text-transform: uppercase;}",".card__heading.h5 {font-size: 1.5rem;}"],"settings":{"title":"THEMES","heading_size":"h2","description":"","show_description":false,"description_style":"body","collection":"frontpage","products_to_show":4,"columns_desktop":4,"full_width":false,"show_view_all":true,"view_all_style":"solid","enable_desktop_slider":false,"color_scheme":"","image_ratio":"adapt","image_shape":"default","show_secondary_image":false,"show_vendor":false,"show_rating":false,"quick_add":"none","columns_mobile":"2","swipe_on_mobile":false,"padding_top":36,"padding_bottom":36}},"best-sellers":{"type":"best-sellers","disabled":true,"settings":{}},"banner":{"type":"banner","disabled":true,"settings":{}},"recent-project":{"type":"recent-project","blocks":{"video_tut_card_NzNt6b":{"type":"video_tut_card","settings":{"link_url":"https:\/\/youtu.be\/sKuyJmMYnh0","image_url":"shopify:\/\/shop_images\/Screenshot_2025-01-14_205057.png","title":"Tutorial for Starter V1"}},"video_tut_card_caqkWx":{"type":"video_tut_card","settings":{"link_url":"https:\/\/youtu.be\/wmjY8xcKbLs","image_url":"shopify:\/\/shop_images\/472555674_1526293061258455_1373201693788768684_n.png","title":"Tutorial for 3D Interactive V2"}},"video_tut_card_X6aT7R":{"type":"video_tut_card","settings":{"link_url":"https:\/\/youtu.be\/wmjY8xcKbLs","image_url":"shopify:\/\/shop_images\/473695490_605099805547928_8057828014494241947_n.png","title":"Tutorial for Essentials V3"}}},"block_order":["video_tut_card_NzNt6b","video_tut_card_caqkWx","video_tut_card_X6aT7R"],"settings":{"header":"YOUTUBE TUTORIALS"}}},"order":["home","featured_collection_a4Jahp","best-sellers","banner","recent-project"]}