{"sections":{"main":{"type":"main-page","disabled":true,"settings":{"padding_top":28,"padding_bottom":28}},"about_us_hKnpAU":{"type":"about-us","blocks":{"team_member_FXeyC9":{"type":"team_member","settings":{"member_name":"John Doe","member_position":"CEO","member_description":"<p>Enter a brief description here<\/p>"}},"team_member_4GrrgB":{"type":"team_member","settings":{"member_name":"John Doe","member_position":"CEO","member_description":"<p>Enter a brief description here<\/p>"}}},"block_order":["team_member_FXeyC9","team_member_4GrrgB"],"settings":{"section_title":"About Us","section_description":"<p>Enter your description here<\/p>"}}},"order":["main","about_us_hKnpAU"]}