{"sections":{"main":{"type":"main-page","disabled":true,"settings":{"padding_top":28,"padding_bottom":28}},"help_center_NUUMgM":{"type":"help-center","blocks":{"faq_item_kEQWdx":{"type":"faq_item","settings":{"question":"Enter your question here","answer":"<p>Enter your answer here<\/p>"}},"faq_item_Fz9EMV":{"type":"faq_item","settings":{"question":"Enter your question here","answer":"<p>Enter your answer here<\/p>"}}},"block_order":["faq_item_kEQWdx","faq_item_Fz9EMV"],"settings":{"section_title":"Help Center"}}},"order":["main","help_center_NUUMgM"]}