{"sections":{"main":{"type":"main-page","disabled":true,"settings":{"padding_top":36,"padding_bottom":36}},"custom-form":{"type":"custom-form","blocks":{"custom_question_NcnpRX":{"type":"custom_question","settings":{"question_label":"What is your Instagram handle?","placeholder":"Your instagram?"}},"custom_question_KcP89W":{"type":"custom_question","settings":{"question_label":"What is your TikTok handle? (Optional)","placeholder":"Your TikTok?"}}},"block_order":["custom_question_NcnpRX","custom_question_KcP89W"],"settings":{"heading":"Ready for an upgrade?","description":"","button_label":"","button_link":"","button_style":"secondary","additional_text":""}}},"order":["main","custom-form"]}