{"sections":{"featured_collection":{"type":"featured-collection","custom_css":["* {font-size: 13px !important;}",".product-card__slide {background: transparent;}"],"settings":{"title":"","heading_size":"h2","description":"","show_description":false,"description_style":"body","collection":"braveststudios-collection","products_to_show":8,"columns_desktop":4,"full_width":false,"show_view_all":false,"view_all_style":"outline","enable_desktop_slider":false,"color_scheme":"background-1","image_ratio":"adapt","image_shape":"default","show_secondary_image":false,"show_vendor":false,"show_rating":false,"enable_quick_add":true,"columns_mobile":"2","swipe_on_mobile":false,"padding_top":44,"padding_bottom":100}}},"order":["featured_collection"]}