{"layout":"password","sections":{"pagefly-password":{"type":"sb-password","disabled":true,"settings":{}},"newsletter_tUeHbC":{"type":"newsletter","blocks":{"heading_nya7U9":{"type":"heading","settings":{"heading":"Subscribe to our emails","heading_size":"h1"}},"paragraph_bgkge8":{"type":"paragraph","settings":{"text":"<p>Be the first to know about new collections and exclusive offers.<\/p>"}},"email_form_YcHe9d":{"type":"email_form","settings":{}}},"block_order":["heading_nya7U9","paragraph_bgkge8","email_form_YcHe9d"],"custom_css":[],"settings":{"color_scheme":"","full_width":true,"padding_top":40,"padding_bottom":52}}},"order":["pagefly-password","newsletter_tUeHbC"]}