{"current":{"imagecover":"shopify:\/\/shop_images\/AWGE_TV-min.webp","imagepaddingtop":87,"imagepaddingbottom":87,"imagepaddingleft":122,"imagepaddingright":83,"bimg":"shopify:\/\/shop_images\/Untitled_video_-_Made_with_Clipchamp_2.gif","video_10":false,"bimg_1000":false,"bimg_10":false,"logo3d":"https:\/\/cdn.shopify.com\/3d\/models\/4fd82ed3ebe565ba\/globe.glb","logo3dwidth":300,"logo3dheight":150,"logo3dcheckbox":true,"logo2dwidth":0,"logo2dheight":0,"logo2dcheckbox":false,"colors_solid_button_labels":"#ffffff","colors_accent_1":"#121212","colors_accent_2":"#121212","colors_text":"#000000","colors_outline_button_labels":"#060101","colors_background_1":"#ffffff","colors_background_2":"#ffffff","type_header_font":"swiss_721_rounded_n7","type_body_font":"swiss_721_rounded_n7","sale_badge_color_scheme":"accent-2","accent_icons":"outline-button","page_width":"1600","social_twitter_link":"https:\/\/twitter.com\/ShopTripleM","social_instagram_link":"https:\/\/instagram.com\/shopmmm.us?igshid=NTc4MTIwNjQ2YQ==","social_tiktok_link":"https:\/\/www.tiktok.com\/@shopmmm.us","social_youtube_link":"","predictive_search_enabled":false,"favicon":"shopify:\/\/shop_images\/462568123_1068484355018077_3677924240740574621_n.png","currency_code_enabled":true,"countdown_date":"01\/15\/2024","countdown_complete_text":"CORRUPTED CROSS COLLECTION","loader_option":"loader","loader_background":"#ffffff","loader_image":"shopify:\/\/shop_images\/Money_Making_Mindset_-_Logo_Black_APR05.webp","loader_image_size":280,"checkout_header_image":"shopify:\/\/shop_images\/full-earthchain.png","sections":{"announcement-bar":{"type":"announcement-bar","blocks":{"announcement-bar-0":{"type":"announcement","disabled":true,"settings":{"text":"Welcome to our store","color_scheme":"background-1","link":""}}},"block_order":["announcement-bar-0"],"settings":{}},"header":{"type":"header","settings":{"color_scheme":"background-1","logo":"shopify:\/\/shop_images\/ImageToStl.com_ADNAN.GLB_3.png","logo_width":90,"logo_position":"top-center","menu":"main-menu","show_line_separator":false,"enable_sticky_header":false}},"footer":{"type":"footer","blocks":{"footer-0":{"type":"link_list","disabled":true,"settings":{"heading":"Quick links","menu":"footer"}}},"block_order":["footer-0"],"settings":{"color_scheme":"background-1","newsletter_enable":false,"newsletter_heading":"Subscribe to our emails","show_social":true,"enable_country_selector":false,"enable_language_selector":false,"payment_enable":false}},"turnon":{"type":"turnon","settings":{"timerxx":0}}},"content_for_index":[]},"presets":{"Default":{"colors_solid_button_labels":"#FFFFFF","colors_accent_1":"#121212","colors_accent_2":"#334FB4","colors_text":"#121212","colors_outline_button_labels":"#121212","colors_background_1":"#FFFFFF","colors_background_2":"#F3F3F3","type_header_font":"assistant_n4","type_body_font":"assistant_n4","sections":{"announcement-bar":{"type":"announcement-bar","blocks":{"announcement-bar-0":{"type":"announcement","settings":{"color_scheme":"background-1"}}},"block_order":["announcement-bar-0"],"settings":{}}}},"Craft":{"colors_solid_button_labels":"#EFECEC","colors_accent_1":"#2A332F","colors_accent_2":"#476154","colors_text":"#1C1A1A","colors_outline_button_labels":"#7B8382","colors_background_1":"#EFECEC","colors_background_2":"#C1BCAE","type_header_font":"americana_n4","type_body_font":"quattrocento_sans_n4","sections":{"footer":{"type":"footer","blocks":{"menu":{"type":"link_list","settings":{}},"text":{"type":"text","settings":{}}},"block_order":["menu","text"],"settings":{"color_scheme":"accent-1"}}}}}}