{"sections":{"banner":{"type":"main-collection-banner","disabled":true,"custom_css":[],"settings":{"show_collection_description":false,"show_collection_image":false,"color_scheme":"background-1"}},"product-grid":{"type":"main-collection-product-grid","disabled":true,"settings":{"products_per_page":16,"columns_desktop":4,"color_scheme":"background-1","image_ratio":"adapt","image_shape":"default","show_secondary_image":false,"show_vendor":false,"show_rating":false,"enable_quick_add":false,"enable_filtering":false,"filter_type":"horizontal","enable_sorting":false,"columns_mobile":"2","padding_top":36,"padding_bottom":36}},"featured_collection_mPWFFh":{"type":"featured-collection","custom_css":["* {font-size: 13px !important;}"],"settings":{"title":"","heading_size":"h1","description":"","show_description":false,"description_style":"body","collection":"pre-rebirth","products_to_show":15,"columns_desktop":4,"full_width":false,"show_view_all":true,"view_all_style":"solid","enable_desktop_slider":false,"color_scheme":"","image_ratio":"adapt","image_shape":"default","show_secondary_image":false,"show_vendor":false,"show_rating":false,"enable_quick_add":false,"columns_mobile":"2","swipe_on_mobile":false,"padding_top":36,"padding_bottom":36}}},"order":["banner","product-grid","featured_collection_mPWFFh"]}