{"sections":{"main":{"type":"main-page","disabled":true,"settings":{"padding_top":0,"padding_bottom":68}},"collage_hLatAw":{"type":"collage","blocks":{"image_f8xkLa":{"type":"image","settings":{"image":"shopify:\/\/shop_images\/grisduofront_4156d5c8-8a2a-49c2-a8fd-d0837b12d063.png"}},"image_nE8Efe":{"type":"image","settings":{"image":"shopify:\/\/shop_images\/treblesweats_a6f605e1-4860-4dbe-bb60-20c0ec1d6adb.png"}},"image_g6kRkX":{"type":"image","settings":{"image":"shopify:\/\/shop_images\/treblecloseup.png"}}},"block_order":["image_f8xkLa","image_nE8Efe","image_g6kRkX"],"settings":{"heading":"","heading_size":"h2","desktop_layout":"left","mobile_layout":"collage","card_styles":"none","color_scheme":"","padding_top":36,"padding_bottom":36}},"collage_gEKMLq":{"type":"collage","blocks":{"image_Fyairh":{"type":"image","settings":{"image":"shopify:\/\/shop_images\/noirduoside_4068cd7e-c101-4cb5-a5dd-1b5134ae6067.png"}},"image_LdwC78":{"type":"image","settings":{"image":"shopify:\/\/shop_images\/parvahnoircloseup.png"}},"image_bcz3EJ":{"type":"image","settings":{"image":"shopify:\/\/shop_images\/noirduo_0f507e13-8fdd-4853-babc-09f3c4592e25.png"}}},"block_order":["image_Fyairh","image_LdwC78","image_bcz3EJ"],"settings":{"heading":"","heading_size":"h1","desktop_layout":"right","mobile_layout":"collage","card_styles":"none","color_scheme":"inverse","padding_top":36,"padding_bottom":36}},"collage_bCULq9":{"type":"collage","blocks":{"image_mAGcKE":{"type":"image","settings":{"image":"shopify:\/\/shop_images\/moongearteeduofront_abd4e000-405c-4ed8-8254-ff961a128d12.png"}},"image_PbQcW4":{"type":"image","settings":{"image":"shopify:\/\/shop_images\/moongearteefrontnoir_f8513cc3-6c8f-4721-8bca-b71c0e9a87e6.png"}},"image_FjKVtB":{"type":"image","settings":{"image":"shopify:\/\/shop_images\/moongearteefront_47c1e611-3631-4050-95d9-7903e743564d.png"}}},"block_order":["image_mAGcKE","image_PbQcW4","image_FjKVtB"],"settings":{"heading":"","heading_size":"h1","desktop_layout":"left","mobile_layout":"collage","card_styles":"none","color_scheme":"inverse","padding_top":36,"padding_bottom":36}},"collage_4j7GGH":{"type":"collage","blocks":{"image_zWKUXV":{"type":"image","settings":{"image":"shopify:\/\/shop_images\/altrui_duo.png"}},"image_x46tnK":{"type":"image","settings":{"image":"shopify:\/\/shop_images\/altruirouge.png"}},"image_iJ8CzC":{"type":"image","settings":{"image":"shopify:\/\/shop_images\/altruinoir_a438c1ae-d838-48bb-86c8-eb1e25077f6c.png"}}},"block_order":["image_zWKUXV","image_x46tnK","image_iJ8CzC"],"settings":{"heading":"","heading_size":"h1","desktop_layout":"left","mobile_layout":"collage","card_styles":"none","color_scheme":"inverse","padding_top":36,"padding_bottom":36}}},"order":["main","collage_hLatAw","collage_gEKMLq","collage_bCULq9","collage_4j7GGH"]}