{"sections":{"featured_collection_RwKzRj":{"type":"featured-collection","custom_css":["* {font-size: 13px !important;}"],"settings":{"title":"","heading_size":"h1","description":"","show_description":false,"description_style":"body","collection":"rebirth-collection","products_to_show":9,"columns_desktop":4,"full_width":false,"show_view_all":true,"view_all_style":"solid","enable_desktop_slider":false,"color_scheme":"","image_ratio":"adapt","image_shape":"default","show_secondary_image":false,"show_vendor":false,"show_rating":false,"enable_quick_add":false,"columns_mobile":"2","swipe_on_mobile":false,"padding_top":36,"padding_bottom":36}},"main":{"type":"main-page","disabled":true,"settings":{"padding_top":0,"padding_bottom":68}}},"order":["featured_collection_RwKzRj","main"]}