{"sections":{"main":{"type":"main-page","disabled":true,"settings":{"padding_top":0,"padding_bottom":68}},"rich_text_UMVbdh":{"type":"rich-text","blocks":{"text_mHKtt9":{"type":"text","settings":{"text":"<h4><\/h4><h4>UPDATES<\/h4><h6>Please refer to this page for shipping updates<br\/><br\/><span style=\"text-decoration:underline\"><br\/><\/span><\/h6><h6>MOONGEAR TEE - estimated 15 buisness day production time <\/h6><h6><strong>‎‎‎ ‎MOONGEAR ZIP<\/strong> -‎ estimated 4-6 week production time<\/h6><h6>TREBLE SWEATS - estimated 4-7 week production time<\/h6><h6>ALTRUI MOHAIR - estimated 4 weeks production time<\/h6><h6>PARVAH ZIP - estimated 4-6 week production time<\/h6><h6><\/h6><h6><\/h6><h6>  <\/h6><h6>for all other information related to shipping please refer to <a href=\"\/pages\/shipping-policiy\" title=\"SHIPPING POLICY\">shipping policy<\/a><\/h6>"}}},"block_order":["text_mHKtt9"],"custom_css":["* {font-size: 16px !important;}"],"settings":{"desktop_content_position":"center","content_alignment":"center","color_scheme":"accent-2","full_width":false,"padding_top":40,"padding_bottom":52}}},"order":["main","rich_text_UMVbdh"]}