{"sections":{"main":{"type":"main-page","disabled":true,"settings":{"padding_top":28,"padding_bottom":28}},"rich_text_rztd4K":{"type":"rich-text","blocks":{"text_cV74AR":{"type":"text","settings":{"text":"<h1>SHIPPING POLICY<\/h1><p><\/p><p>At Nebulic, we strive to ensure a smooth and reliable shipping experience for all our customers. Please take a moment to review our shipping policy below for clarity and transparency:<\/p><p><strong>1. Ready-to-Ship Orders:<\/strong><\/p><ul><li>All ready-to-ship orders will be dispatched via our trusted shipping partners, typically USPS or UPS.<\/li><li>Anticipate a delivery window of 4-9 business days from the date of purchase for ready-to-ship items.<\/li><li>Please be aware that delivery times may vary depending on your location and any unforeseen circumstances impacting shipping carriers.<\/li><\/ul><p><strong>2. Pre-Orders:<\/strong><\/p><ul><li>For pre-ordered items, please allow a processing time of 3-7 weeks before shipment begins.<\/li><li>Your patience is greatly appreciated as we diligently work to ensure timely delivery once pre-ordered items become available.<\/li><\/ul><p><strong>3. Order Processing:<\/strong><\/p><ul><li>Processing and packaging of ready-to-ship orders will occur on the subsequent business day or two following order confirmation.<\/li><li>Orders are not processed or shipped during weekends or public holidays.<\/li><\/ul><p><strong>4. Shipping Costs:<\/strong><\/p><ul><li>Shipping charges are computed at checkout based on your order total and the selected shipping method.<\/li><li>Keep an eye out for occasional free shipping promotions announced on our website.<\/li><\/ul><p><strong>5. Tracking Details:<\/strong><\/p><ul><li>Upon shipment, a confirmation email will be sent to you containing tracking information.<\/li><li>Utilize the provided tracking number to monitor the status and progress of your delivery.<\/li><\/ul><p><strong>6. Holiday Delays :<\/strong><\/p><ul><li>None of these time frames are taking holiday delays into account. <\/li><\/ul><p><strong>7. Address Accuracy:<\/strong><\/p><ul><li>Customers are responsible for furnishing accurate and complete shipping information during order placement.<\/li><li>Nebulic will not be held liable for any delays or complications resulting from incorrect or incomplete shipping details.<\/li><\/ul><p>Please note that any incidents occurring post-handover to our shipping partners, such as USPS or UPS, fall outside our responsibility and are ineligible for refunds.<\/p><p><strong>If you have any further questions or comments, you may contact us by:Email: nebulic.info@gmail.comLast updated 12-31-23<\/strong><\/p>"}}},"block_order":["text_cV74AR"],"settings":{"desktop_content_position":"center","content_alignment":"center","color_scheme":"","full_width":true,"padding_top":40,"padding_bottom":52}}},"order":["main","rich_text_rztd4K"]}