{"sections":{"main":{"type":"main-page","disabled":true,"settings":{"padding_top":0,"padding_bottom":68}},"rich_text_xhd6bC":{"type":"rich-text","blocks":{"heading_x7VEFn":{"type":"heading","settings":{"heading":"privacy policy","heading_size":"h1"}},"text_wPimcY":{"type":"text","settings":{"text":"<p><strong>Privacy Policy<\/strong><\/p><p>This Privacy Policy outlines how Nebulic (\"the Site\" or \"we\") collects, uses, and discloses your Personal Information when you visit or make purchases from our Site.<\/p><p><strong>Contact Information<\/strong><\/p><p>For additional questions, more information about our privacy practices, or to make a complaint, contact us via email at <a>nebulic.info@gmail.com<\/a> <\/p><p><strong>Collecting Personal Information<\/strong><\/p><p>When using the Site, we gather specific information about your device, interaction with the Site, and data essential for processing your purchases. We might collect additional details when you reach out to us for customer support. Any information about an identifiable individual is referred to as \"Personal Information.\"<\/p><p><strong>Device Information<\/strong><\/p><p><strong>Purpose:<\/strong> To load the Site accurately and perform analytics for optimization.<\/p><p><strong>Source:<\/strong> Automatically collected through cookies, log files, web beacons, or pixels.<\/p><p><strong>Disclosure:<\/strong> Shared with our processor, Shopify.<\/p><p><strong>Personal Information Collected:<\/strong> Web browser version, IP address, time zone, cookie data, viewed sites\/products, search terms, and Site interaction details.<\/p><p><strong>Order Information<\/strong><\/p><p><strong>Purpose:<\/strong> To fulfill orders, process payments, arrange shipping, and provide order-related communication.<\/p><p><strong>Source:<\/strong> Directly collected from you.<\/p><p><strong>Disclosure:<\/strong> Shared with our processor, Shopify, and other relevant vendors.<\/p><p><strong>Personal Information Collected:<\/strong> Name, billing\/shipping address, payment details, email, and phone number.<\/p><p><strong>Customer Support Information<\/strong><\/p><p><strong>Purpose:<\/strong> To offer customer support.<\/p><p><strong>Source:<\/strong> Collected from you.<\/p><p><strong>Disclosure:<\/strong> Information shared with vendors involved in providing customer support.<\/p><p><strong>Personal Information Collected:<\/strong> [Add any additional information collected.]<\/p><p><strong>Minors<\/strong><\/p><p>The Site is not intended for individuals under 16. We don’t knowingly collect Personal Information from children. Parents or guardians concerned about their child's data can reach out for deletion requests.<\/p><p><strong>Sharing Personal Information<\/strong><\/p><p>We share your Personal Information with service providers assisting us in delivering services or fulfilling contracts. For instance:<\/p><p>We utilize Shopify to power our online store.<\/p><p>We may disclose Personal Information to comply with laws or protect our rights.<\/p><p><strong>Behavioral Advertising<\/strong><\/p><p><br\/><br\/>https:\/\/www.google.com\/intl\/en\/policies\/privacy\/https:\/\/tools.google.com\/dlpage\/gaoptout<br\/> We share information about your use of the Site, your purchases, and your interaction with our ads on other websites with our advertising partners. We collect and share some of this information directly with our advertising partners, and in some cases through the use of cookies or other similar technologies (which you may consent to, depending on your location).<br\/> We use Shopify Audiences to help us show ads on other websites with our advertising partners to buyers who made purchases with other Shopify merchants and who may also be interested in what we have to offer. We also share information about your use of the Site, your purchases, and the email address associated with your purchases with Shopify Audiences, through which other Shopify merchants may make offers you may be interested in.[INSERT OTHER ADVERTISING SERVICES USED]<br\/>https:\/\/www.networkadvertising.org\/understanding-online-advertising\/how-does-it-work<br\/><br\/><br\/><\/p><p>FACEBOOK - <a href=\"https:\/\/www.facebook.com\/settings\/?tab=ads\" target=\"_blank\">https:\/\/www.facebook.com\/settings\/?tab=ads<\/a><\/p><p>GOOGLE - <a href=\"https:\/\/www.google.com\/settings\/ads\/anonymous\" target=\"_blank\">https:\/\/www.google.com\/settings\/ads\/anonymous<\/a><\/p><p><br\/><br\/>https:\/\/advertise.bingads.microsoft.com\/en-us\/resources\/policies\/personalized-ads]<br\/>https:\/\/optout.aboutads.info\/.<br\/><br\/><\/p><p><strong>Using Personal Information<\/strong><\/p><p>We use your personal Information to provide our services to you, which includes: offering products for sale, processing payments, shipping and fulfillment of your order, and keeping you up to date on new products, services, and offers.<\/p><p><strong>Lawful Basis (GDPR)<\/strong><\/p><p>Pursuant to the General Data Protection Regulation (“GDPR”), if you are a resident of the European Economic Area (“EEA”), we process your personal information under the following lawful bases:<\/p><p><em>[INCLUDE ALL THAT APPLY TO YOUR BUSINESS]<\/em><\/p><p>Your consent;<\/p><p>The performance of the contract between you and the Site;<\/p><p>Compliance with our legal obligations;<\/p><p>To protect your vital interests;<\/p><p>To perform a task carried out in the public interest;<\/p><p>For our legitimate interests, which do not override your fundamental rights and freedoms.<\/p><p><strong>Retention<\/strong><\/p><p>When you place an order through the Site, we will retain your Personal Information for our records unless and until you ask us to erase this information. For more information on your right of erasure, please see the ‘Your rights’ section below.<\/p><p><strong>Selling Personal Information (CCPA)<\/strong><\/p><p><em>[INCLUDE THIS SECTION IF YOUR BUSINESS IS SUBJECT TO THE CALIFORNIA CONSUMER PRIVACY ACT AND SELLS PERSONAL INFORMATION AS DEFINED BY THE CALIFORNIA CONSUMER PRIVACY ACT]<\/em><\/p><p>Our Site sells Personal Information, as defined by the California Consumer Privacy Act of 2018 (“CCPA”).<\/p><p><em>[Insert:<\/em><\/p><p><em>categories of information sold;<\/em><\/p><p><em>IF USING SHOPIFY AUDIENCES: information about your use of the Site, your purchases, and the email address associated with your purchase<\/em><\/p><p><em>instructions on how to opt-out of sale;<\/em><\/p><p><em>whether your business sells information of minors (under 16) and whether you obtain affirmative authorization;<\/em><\/p><p><em>if you provide a financial incentive to sell information, provide information about what that incentive is.]<\/em><\/p><p><strong>Your Rights<\/strong><\/p><p>[Include this section if applicable to your business in Europe or serving European customers.]<\/p><p><strong>Cookies<\/strong><\/p><p>We use various cookies to enhance your browsing experience and provide services. <\/p><p><strong>Do Not Track<\/strong><\/p><p><strong>Please note that because there is no consistent industry understanding of how to respond to “Do Not Track” signals, we do not alter our data collection and usage practices when we detect such a signal from your browser.<\/strong><\/p><p><strong>Changes<\/strong><br\/><\/p><p>We may update this Privacy Policy from time to time in order to reflect, for example, changes to our practices or for other operational, legal, or regulatory reasons.<\/p><p><strong>Complaints<\/strong><br\/><\/p><p>If you have a complaint, contact us using the provided details. If unsatisfied with our response, you have the right to approach the relevant data protection authority.<\/p><p>https:\/\/ico.org.uk\/make-a-complaint\/<\/p>"}}},"block_order":["heading_x7VEFn","text_wPimcY"],"settings":{"desktop_content_position":"center","content_alignment":"center","color_scheme":"","full_width":true,"padding_top":40,"padding_bottom":52}}},"order":["main","rich_text_xhd6bC"]}