{"layout":"password","sections":{"custom_liquid_HLQEwi":{"type":"custom-liquid","settings":{"custom_liquid":"<!-- don't change this! -->\n\n{% render 'countdown-timer' %}\n\n<!-- Go to settings to adjust -->","color_scheme":"","padding_top":0,"padding_bottom":0}},"newsletter_RTVe6Y":{"type":"newsletter","blocks":{"email_form_wkb39Q":{"type":"email_form","settings":{}}},"block_order":["email_form_wkb39Q"],"settings":{"color_scheme":"","full_width":true,"padding_top":32,"padding_bottom":0}}},"order":["custom_liquid_HLQEwi","newsletter_RTVe6Y"]}