{"name":"t:sections.header.name","type":"header","sections":{"announcement-bar":{"type":"announcement-bar","blocks":{"announcement-bar-0":{"type":"announcement","settings":{"text":"Welcome to our store","link":""}}},"block_order":["announcement-bar-0"],"settings":{"color_scheme":"scheme-1","show_line_separator":true,"show_social":false,"auto_rotate":false,"change_slides_speed":5,"enable_country_selector":false,"enable_language_selector":false}},"header":{"type":"header","custom_css":["ul.list.list-social.list-unstyled li a svg {color: white;}"],"settings":{"logo_":"shopify:\/\/shop_images\/chrome_logo.gif","logo_width":200,"logo_height":100,"logo_position":"middle-center","menu":"cstm_menu","menu_type_desktop":"mega","sticky_header_type":"on-scroll-up","show_line_separator":true,"color_scheme":"scheme-1","menu_color_scheme":"scheme-1","enable_country_selector":true,"enable_language_selector":true,"enable_customer_avatar":true,"mobile_logo_position":"center","margin_bottom":0,"padding_top":20,"padding_bottom":20}},"preloader_7LNjwW":{"type":"Preloader","custom_css":["a.list-social__link.link svg {color: white;}"],"settings":{"image-cus":"shopify:\/\/shop_images\/COZY_LOGO_BLACK.webp","text":"50%"}}},"order":["announcement-bar","header","preloader_7LNjwW"]}