{"sections":{"slideshow":{"type":"slideshow","blocks":{"slideshow_item-1":{"type":"slideshow_item","settings":{}},"slideshow_item-2":{"type":"slideshow_item","settings":{}},"slideshow_item-3":{"type":"slideshow_item","settings":{}}},"block_order":["slideshow_item-1","slideshow_item-2","slideshow_item-3"],"settings":{}},"popular-products":{"type":"popular-products","settings":{}},"multicolumn":{"type":"multicolumn","blocks":{"column-1":{"type":"column","settings":{}},"column-2":{"type":"column","settings":{}},"column-3":{"type":"column","settings":{}},"column-4":{"type":"column","settings":{}}},"block_order":["column-1","column-2","column-3","column-4"],"settings":{}},"grid-banner":{"type":"grid-banner","blocks":{"column-1":{"type":"column","settings":{"card_width":"2"}},"column-2":{"type":"column","settings":{"card_width":"2"}}},"block_order":["column-1","column-2"],"settings":{}},"blog-post":{"type":"blog-post","settings":{}},"collapsible-content":{"type":"collapsible-content","blocks":{"text-block-1":{"type":"text-block","settings":{}},"text-block-2":{"type":"text-block","settings":{}},"text-block-3":{"type":"text-block","settings":{}}},"block_order":["text-block-1","text-block-2","text-block-3"],"settings":{}}},"order":["slideshow","popular-products","multicolumn","grid-banner","blog-post","collapsible-content"]}