{"sections":{"main":{"type":"main-product","blocks":{"tags":{"type":"tags","settings":{}},"title":{"type":"title","settings":{}},"icon-with-text":{"type":"icon-with-text","settings":{"show_icon":false,"heading":"Some description"}},"price":{"type":"price","settings":{}},"variant_picker":{"type":"variant_picker","settings":{}},"buy_buttons":{"type":"buy_buttons","settings":{}},"description":{"type":"description","settings":{}},"about":{"type":"about","settings":{}}},"block_order":["tags","title","icon-with-text","price","variant_picker","buy_buttons","description","about"],"settings":{"desktop_alignment":"left","mobile_alignment":"after","image_fit":"cover"}},"product-recommendations":{"type":"product-recommendations","settings":{}}},"order":["main","product-recommendations"]}