[
  {
    "name": "theme_info",
    "theme_name": "Found",
    "theme_version": "2.0",
    "theme_author": "JETFUELWEBSITE",
    "theme_documentation_url": "https:\/\/jetfuel.website",
    "theme_support_email": "jetfuelwebsite@gmail.com"
  },
  {
    "name": "Favicon",
    "settings": [
      {
        "type": "image_picker",
        "id": "favicon",
        "label": "Favicon",
        "info": "This image will be displayed in browser tab"
      }
    ]
  },
  {
    "name": "Fonts",
    "settings": [
      {
        "type": "header",
        "content": "Headings"
      },
      {
        "type": "font_picker",
        "id": "type_header_font",
        "default": "assistant_n4",
        "label": "Font for headings"
      },
      {
        "type": "header",
        "content": "Body"
      },
      {
        "type": "font_picker",
        "id": "type_body_font",
        "default": "assistant_n4",
        "label": "Font for body"
      },
      {
        "type": "header",
        "content": "Custom Font"
      },
      {
        "type": "checkbox",
        "id": "enable_custom_headings_font",
        "label": "Enable custom headings font",
        "default": false
      },
      {
        "type": "text",
        "id": "custom_heading_font",
        "label": "Headings font link"
      },
      {
        "type": "checkbox",
        "id": "enable_custom_body_font",
        "label": "Enable custom body font",
        "default": false
      },
      {
        "type": "text",
        "id": "custom_body_font",
        "label": "Body font link"
      }
    ]
  },
  {
    "name": "Product grid",
    "settings": [
      {
        "type": "select",
        "id": "product_list-info",
        "label": "Product info",
        "options": [
          {
            "value": "Show",
            "label": "Show"
          },
          {
            "value": "Hide",
            "label": "Hide"
          }
        ],
        "default": "Show"
      },
      {
        "type": "select",
        "id": "collection-title",
        "label": "Collection title",
        "options": [
          {
            "value": "Show",
            "label": "Show"
          },
          {
            "value": "Hide",
            "label": "Hide"
          }
        ],
        "default": "Show"
      },
      {
        "type": "select",
        "id": "product_list-pc",
        "label": "Number of columns",
        "options": [
          {
            "value": "Two",
            "label": "Two"
          },
          {
            "value": "Three",
            "label": "Three"
          },
          {
            "value": "Four",
            "label": "Four"
          }
        ],
        "default": "Three"
      },
      {
        "type": "select",
        "id": "product_list",
        "label": "Number of columns on mobile",
        "options": [
          {
            "value": "One",
            "label": "One"
          },
          {
            "value": "Two",
            "label": "Two"
          }
        ],
        "default": "One"
      }
    ]
  },
  {
    "name": "Background",
    "settings": [
      {
        "type": "select",
        "id": "body-background",
        "label": "Website background",
        "options": [
          {
            "value": "color",
            "label": "Color"
          },
          {
            "value": "gradient",
            "label": "Gradient"
          },
          {
            "value": "image",
            "label": "Image\/Gif"
          }
        ]
      },
      {
        "type": "color",
        "id": "body-background-color",
        "label": "Color",
        "default": "#FFFFFF"
      },
      {
        "type": "color_background",
        "id": "body-background-gradient",
        "label": "Gradient"
      },
      {
        "type": "image_picker",
        "id": "body-background-image",
        "label": "Image\/Gif"
      }
    ]
  },
  {
    "name": "Colors",
    "settings": [
      {
        "type": "header",
        "content": "General"
      },
      {
        "type": "color",
        "id": "headings-color",
        "label": "Headings",
        "default": "#000000"
      },
      {
        "type": "color",
        "id": "body-color",
        "label": "Body text",
        "default": "#000000"
      },
      {
        "type": "header",
        "content": "Header"
      },
      {
        "type": "color",
        "id": "header-menu",
        "label": "Header menu",
        "default": "#000000"
      },
      {
        "type": "color",
        "id": "submenu-color",
        "label": "Header submenu text color",
        "default": "#000000"
      },
      {
        "type": "color",
        "id": "submenu-bg",
        "label": "Header submenu background",
        "default": "#FFFFFF"
      },
      {
        "type": "color",
        "id": "header-menu-mobile",
        "label": "Mobile menu",
        "default": "#FFFFFF"
      },
      {
        "type": "color",
        "id": "header-menu-mobile-background",
        "label": "Mobile menu background",
        "default": "#000000"
      },
      {
        "type": "header",
        "content": "Buttons"
      },
      {
        "type": "color",
        "id": "button-color",
        "label": "Button text",
        "default": "#FFFFFF"
      },
      {
        "type": "color",
        "id": "button-bg",
        "label": "Button background",
        "default": "#000000"
      },
      {
        "type": "header",
        "content": "Product"
      },
      {
        "type": "select",
        "id": "image-switches",
        "label": "Image switches (arrows)",
        "info": "When you hover over a product image on your PC, arrows appear to switch between images",
        "options": [
          {
            "value": "white",
            "label": "White"
          },
          {
            "value": "black",
            "label": "Black"
          }
        ],
        "default": "black"
      }
    ]
  },
  {
    "name": "Product page",
    "settings": [
      {
        "type": "header",
        "content": "PC view"
      },
      {
        "type": "range",
        "id": "product_desc_size_pc",
        "label": "Description font size",
        "min": 7,
        "max": 25,
        "step": 1,
        "default": 12,
        "unit": "px"
      },
      {
        "type": "range",
        "id": "product_desc_line_height_pc",
        "label": "Description line height",
        "min": 1,
        "max": 2,
        "step": 0.1,
        "default": 1.2
      },
      {
        "type": "header",
        "content": "Mobile view"
      },
      {
        "type": "range",
        "id": "product_desc_size_mobile",
        "label": "Description font size",
        "min": 5,
        "max": 23,
        "step": 1,
        "default": 12,
        "unit": "px"
      },
      {
        "type": "range",
        "id": "product_desc_line_height_mobile",
        "label": "Description line height",
        "min": 1,
        "max": 2,
        "step": 0.1,
        "default": 1.2
      }
    ]
  },
  {
    "name": "Copyright",
    "settings": [
      {
        "type": "checkbox",
        "id": "jfw-copy",
        "label": "Show 'Created By JETFUELWEBSITE'",
        "info": "Your support is appreciated! <3",
        "default": true
      }
    ]
  }
]
