{"sections":{"26cc1355-56bf-45da-9716-65ba404818f0":{"type":"collage","blocks":{"65a48dc1-60e1-49d6-957d-1f57f1a8ec1d":{"type":"image","settings":{"image":"shopify:\/\/shop_images\/IMG_5641_2.jpg","image_padding":false,"color_scheme":"background-1"}}},"block_order":["65a48dc1-60e1-49d6-957d-1f57f1a8ec1d"],"disabled":true,"settings":{"heading":"","desktop_layout":"left","mobile_layout":"collage"}},"banner":{"type":"main-collection-banner","disabled":true,"settings":{"show_collection_description":false,"show_collection_image":false}},"product-grid":{"type":"main-collection-product-grid","settings":{"products_per_page":16,"image_ratio":"square","show_secondary_image":true,"add_image_padding":false,"show_image_outline":true,"show_vendor":false,"show_rating":false,"enable_filtering":false,"enable_sorting":false,"collapse_on_larger_devices":false}},"5e28dbd6-4c6a-4900-9239-bacaaeec5b17":{"type":"featured-collection","disabled":true,"settings":{"title":"New in","collection":"s2-col-1-generation-b","products_to_show":12,"show_view_all":true,"swipe_on_mobile":false,"image_ratio":"adapt","show_secondary_image":true,"add_image_padding":false,"show_image_outline":false,"show_vendor":false,"show_rating":false}},"b5d7d006-f486-4280-967e-c4462ebc1349":{"type":"featured-collection","disabled":true,"settings":{"title":"Bottoms","collection":"bottoms-1","products_to_show":12,"show_view_all":true,"swipe_on_mobile":false,"image_ratio":"adapt","show_secondary_image":true,"add_image_padding":false,"show_image_outline":false,"show_vendor":false,"show_rating":false}},"e9bd0bc8-a3c7-43c7-9e10-95cf156c3daf":{"type":"featured-collection","disabled":true,"settings":{"title":"TOPS","collection":"tops-1","products_to_show":12,"show_view_all":true,"swipe_on_mobile":false,"image_ratio":"adapt","show_secondary_image":false,"add_image_padding":false,"show_image_outline":true,"show_vendor":false,"show_rating":false}},"6634e584-387f-427f-86b6-90e4a3c245b3":{"type":"featured-collection","disabled":true,"settings":{"title":"accesories","collection":"acessoroies","products_to_show":12,"show_view_all":true,"swipe_on_mobile":false,"image_ratio":"adapt","show_secondary_image":false,"add_image_padding":false,"show_image_outline":true,"show_vendor":false,"show_rating":false}},"6a50a764-5aaf-43d9-a796-b45ffb527ffe":{"type":"collection-list","blocks":{"template--16668744548574__6a50a764-5aaf-43d9-a796-b45ffb527ffe-167640824525feae54-0":{"type":"featured_collection","settings":{"collection":"acessoroies"}},"template--16668744548574__6a50a764-5aaf-43d9-a796-b45ffb527ffe-167640824525feae54-1":{"type":"featured_collection","settings":{"collection":"bottoms-1"}},"template--16668744548574__6a50a764-5aaf-43d9-a796-b45ffb527ffe-167640824525feae54-2":{"type":"featured_collection","settings":{"collection":"tops-1"}}},"block_order":["template--16668744548574__6a50a764-5aaf-43d9-a796-b45ffb527ffe-167640824525feae54-0","template--16668744548574__6a50a764-5aaf-43d9-a796-b45ffb527ffe-167640824525feae54-1","template--16668744548574__6a50a764-5aaf-43d9-a796-b45ffb527ffe-167640824525feae54-2"],"disabled":true,"settings":{"title":"SHop more","image_ratio":"square","color_scheme":"background-1","swipe_on_mobile":false,"image_padding":false,"show_view_all":false}}},"order":["26cc1355-56bf-45da-9716-65ba404818f0","banner","product-grid","5e28dbd6-4c6a-4900-9239-bacaaeec5b17","b5d7d006-f486-4280-967e-c4462ebc1349","e9bd0bc8-a3c7-43c7-9e10-95cf156c3daf","6634e584-387f-427f-86b6-90e4a3c245b3","6a50a764-5aaf-43d9-a796-b45ffb527ffe"]}