{"sections":{"pagefly-home":{"type":"pagefly-home","settings":{"enter_color":"#ffffff","skyboximg":"shopify:\/\/shop_images\/vertopal.com_photo_studio_01_4k.webp","enter_logo":"https:\/\/cdn.shopify.com\/3d\/models\/b7baf01624574026\/AR-Code-1642918804622.glb","buttons_margin":50,"button1_url":"shopify:\/\/collections","button1_text":"Shop","button2_url":"shopify:\/\/pages\/lookbook","button2_text":"LookBook","button3_url":"shopify:\/\/pages\/about-us","button3_text":"About us","button4_url":"shopify:\/\/pages\/contact","button4_text":"Contact"}}},"order":["pagefly-home"],"layout":"theme.home"}