{"sections":{"main":{"type":"main-list-collections","disabled":true,"settings":{"title":"Collections","sort":"alphabetical","image_ratio":"square","color_scheme":"background-1","image_padding":false}},"37c482f5-2048-42c6-aac5-66de2af47c72":{"type":"featured-collection","settings":{"title":"","collection":"braveststudios-collection","products_to_show":12,"show_view_all":true,"swipe_on_mobile":false,"image_ratio":"adapt","show_secondary_image":false,"add_image_padding":false,"show_image_outline":true,"show_vendor":false,"show_rating":false}},"f4efa440-7c68-46c4-8611-acbf1b5ea064":{"type":"collection-list","blocks":{"template--16668744614110__f4efa440-7c68-46c4-8611-acbf1b5ea064-16764414017846be35-0":{"type":"featured_collection","settings":{"collection":"s2-col-1-generation-b"}},"template--16668744614110__f4efa440-7c68-46c4-8611-acbf1b5ea064-16764414017846be35-1":{"type":"featured_collection","disabled":true,"settings":{"collection":""}},"template--16668744614110__f4efa440-7c68-46c4-8611-acbf1b5ea064-16764414017846be35-2":{"type":"featured_collection","disabled":true,"settings":{"collection":""}}},"block_order":["template--16668744614110__f4efa440-7c68-46c4-8611-acbf1b5ea064-16764414017846be35-0","template--16668744614110__f4efa440-7c68-46c4-8611-acbf1b5ea064-16764414017846be35-1","template--16668744614110__f4efa440-7c68-46c4-8611-acbf1b5ea064-16764414017846be35-2"],"disabled":true,"settings":{"title":"Collections","image_ratio":"square","color_scheme":"background-1","swipe_on_mobile":false,"image_padding":false,"show_view_all":false}}},"order":["main","37c482f5-2048-42c6-aac5-66de2af47c72","f4efa440-7c68-46c4-8611-acbf1b5ea064"]}