{"sections":{"main":{"type":"main-page","disabled":true,"settings":{}},"cac96762-bbed-4ef4-9746-1010e0a1db6d":{"type":"image-with-text","blocks":{"template--17149618782465__cac96762-bbed-4ef4-9746-1010e0a1db6d-heading-1":{"type":"heading","settings":{"heading":"OUR FOUNDER"}},"template--17149618782465__cac96762-bbed-4ef4-9746-1010e0a1db6d-text-1":{"type":"text","settings":{"text":"<p>BISHOP BREAUX, A LOUISIANA NATIVE AND INDUSTRIAL ENGINEER GRADUATE, FOUND PURPOSE AMID THE PANDEMIC.<\/p><p><br\/>WE'RE STORYTELLERS THROUGH FASHION, AND ARE WEAVING RESILIENCE AND LOVE  INTO EACH GARMENT CELERATES THAT CRAFT<\/p>"}},"template--17149618782465__cac96762-bbed-4ef4-9746-1010e0a1db6d-button-1":{"type":"button","settings":{"button_label":"SHOP NOW","button_link":"shopify:\/\/collections\/all"}}},"block_order":["template--17149618782465__cac96762-bbed-4ef4-9746-1010e0a1db6d-heading-1","template--17149618782465__cac96762-bbed-4ef4-9746-1010e0a1db6d-text-1","template--17149618782465__cac96762-bbed-4ef4-9746-1010e0a1db6d-button-1"],"settings":{"image":"shopify:\/\/shop_images\/Facetune_10-05-2023-16-43-15.jpg","height":"adapt","color_scheme":"background-1","layout":"image_first"}},"164ed7e0-5eea-403f-8de1-771624d85c23":{"type":"multicolumn","blocks":{"template--17149618782465__164ed7e0-5eea-403f-8de1-771624d85c23-column-1":{"type":"column","settings":{"image":"shopify:\/\/shop_images\/IMG_5446.webp","title":"BE REAL","text":""}},"template--17149618782465__164ed7e0-5eea-403f-8de1-771624d85c23-column-2":{"type":"column","settings":{"image":"shopify:\/\/shop_images\/IMG_5445.webp","title":"AND","text":""}},"template--17149618782465__164ed7e0-5eea-403f-8de1-771624d85c23-column-3":{"type":"column","settings":{"image":"shopify:\/\/shop_images\/IMG_5447.webp","title":"STAY TRUE","text":"<p>.<\/p>"}}},"block_order":["template--17149618782465__164ed7e0-5eea-403f-8de1-771624d85c23-column-1","template--17149618782465__164ed7e0-5eea-403f-8de1-771624d85c23-column-2","template--17149618782465__164ed7e0-5eea-403f-8de1-771624d85c23-column-3"],"settings":{"title":"C J Breaux. may 15, 1936 - Februrary 7, 2021","image_width":"full","image_ratio":"adapt","column_alignment":"center","background_style":"primary","button_label":"SHOP NOW","button_link":"shopify:\/\/collections\/all","swipe_on_mobile":false}}},"order":["main","cac96762-bbed-4ef4-9746-1010e0a1db6d","164ed7e0-5eea-403f-8de1-771624d85c23"]}