{"sections":{"main":{"type":"main-page","disabled":true,"settings":{}},"f91908e5-b218-4ddf-8ad7-37392181c754":{"type":"collage","blocks":{"80041776-e730-4d16-b063-07e86f496329":{"type":"image","settings":{"image":"shopify:\/\/shop_images\/DGDEBD.jpg","image_padding":false,"color_scheme":"background-1"}}},"block_order":["80041776-e730-4d16-b063-07e86f496329"],"settings":{"heading":"","desktop_layout":"left","mobile_layout":"collage"}},"29f1de2f-e891-4c28-a220-459947816446":{"type":"featured-collection","settings":{"title":"BLACK FRIDAY","collection":"black-frisay","products_to_show":12,"show_view_all":true,"swipe_on_mobile":false,"image_ratio":"adapt","show_secondary_image":false,"add_image_padding":false,"show_image_outline":false,"show_vendor":false,"show_rating":false}},"df8bf710-a237-4da5-98dd-a0faf2710ee8":{"type":"featured-collection","disabled":true,"settings":{"title":"Best sellers","collection":"best-sellers","products_to_show":12,"show_view_all":true,"swipe_on_mobile":false,"image_ratio":"adapt","show_secondary_image":false,"add_image_padding":false,"show_image_outline":true,"show_vendor":false,"show_rating":false}},"d7d2db08-0a3a-48cc-8107-4cbfb7111423":{"type":"featured-collection","disabled":true,"settings":{"title":"All","collection":"all","products_to_show":12,"show_view_all":true,"swipe_on_mobile":false,"image_ratio":"adapt","show_secondary_image":false,"add_image_padding":false,"show_image_outline":true,"show_vendor":false,"show_rating":false}},"e488c2d4-0eb7-4d68-89c8-b211e075d432":{"type":"collection-list","blocks":{"template--16702198055134__e488c2d4-0eb7-4d68-89c8-b211e075d432-1676438864bc9dfafb-0":{"type":"featured_collection","settings":{"collection":"bottoms-1"}},"template--16702198055134__e488c2d4-0eb7-4d68-89c8-b211e075d432-1676438864bc9dfafb-1":{"type":"featured_collection","settings":{"collection":"tops-1"}},"template--16702198055134__e488c2d4-0eb7-4d68-89c8-b211e075d432-1676438864bc9dfafb-2":{"type":"featured_collection","settings":{"collection":"acessoroies"}}},"block_order":["template--16702198055134__e488c2d4-0eb7-4d68-89c8-b211e075d432-1676438864bc9dfafb-0","template--16702198055134__e488c2d4-0eb7-4d68-89c8-b211e075d432-1676438864bc9dfafb-1","template--16702198055134__e488c2d4-0eb7-4d68-89c8-b211e075d432-1676438864bc9dfafb-2"],"disabled":true,"settings":{"title":"","image_ratio":"square","color_scheme":"background-1","swipe_on_mobile":false,"image_padding":false,"show_view_all":false}}},"order":["main","f91908e5-b218-4ddf-8ad7-37392181c754","29f1de2f-e891-4c28-a220-459947816446","df8bf710-a237-4da5-98dd-a0faf2710ee8","d7d2db08-0a3a-48cc-8107-4cbfb7111423","e488c2d4-0eb7-4d68-89c8-b211e075d432"]}