{"sections":{"main":{"type":"main-page","disabled":true,"settings":{}},"277a1e67-cd59-49df-9128-6e8507729e33":{"type":"multicolumn","blocks":{"template--14479987736705__277a1e67-cd59-49df-9128-6e8507729e33-1675644533b1d0541f-2":{"type":"column","settings":{"image":"shopify:\/\/shop_images\/placeholder.jpg","title":"","text":""}},"column_8brMpp":{"type":"column","settings":{"image":"shopify:\/\/shop_images\/placeholder.jpg","title":"","text":""}},"column_nhdFXJ":{"type":"column","settings":{"image":"shopify:\/\/shop_images\/placeholder.jpg","title":"","text":""}}},"block_order":["template--14479987736705__277a1e67-cd59-49df-9128-6e8507729e33-1675644533b1d0541f-2","column_8brMpp","column_nhdFXJ"],"settings":{"title":"","image_width":"full","image_ratio":"adapt","column_alignment":"center","background_style":"none","button_label":"","button_link":"","swipe_on_mobile":false}},"9eaf7bbd-563a-41a6-b60f-e71db51f5f1e":{"type":"multicolumn","blocks":{"template--15785655730343__9eaf7bbd-563a-41a6-b60f-e71db51f5f1e-16797295086bca4c4b-0":{"type":"column","settings":{"title":"","text":""}},"template--15785655730343__9eaf7bbd-563a-41a6-b60f-e71db51f5f1e-16797295086bca4c4b-1":{"type":"column","settings":{"title":"","text":""}},"template--15785655730343__9eaf7bbd-563a-41a6-b60f-e71db51f5f1e-16797295086bca4c4b-2":{"type":"column","settings":{"title":"","text":""}}},"block_order":["template--15785655730343__9eaf7bbd-563a-41a6-b60f-e71db51f5f1e-16797295086bca4c4b-0","template--15785655730343__9eaf7bbd-563a-41a6-b60f-e71db51f5f1e-16797295086bca4c4b-1","template--15785655730343__9eaf7bbd-563a-41a6-b60f-e71db51f5f1e-16797295086bca4c4b-2"],"settings":{"title":"","image_width":"full","image_ratio":"portrait","column_alignment":"left","background_style":"none","button_label":"","button_link":"","swipe_on_mobile":false}},"82945774-cb09-462f-bb52-75a3e5fafc02":{"type":"multicolumn","blocks":{"template--15785655730343__82945774-cb09-462f-bb52-75a3e5fafc02-168542504078fb7eac-0":{"type":"column","settings":{"image":"shopify:\/\/shop_images\/placeholder.jpg","title":"","text":""}},"template--15785655730343__82945774-cb09-462f-bb52-75a3e5fafc02-168542504078fb7eac-1":{"type":"column","settings":{"image":"shopify:\/\/shop_images\/placeholder.jpg","title":"","text":""}},"template--15785655730343__82945774-cb09-462f-bb52-75a3e5fafc02-168542504078fb7eac-2":{"type":"column","settings":{"image":"shopify:\/\/shop_images\/placeholder.jpg","title":"","text":""}}},"block_order":["template--15785655730343__82945774-cb09-462f-bb52-75a3e5fafc02-168542504078fb7eac-0","template--15785655730343__82945774-cb09-462f-bb52-75a3e5fafc02-168542504078fb7eac-1","template--15785655730343__82945774-cb09-462f-bb52-75a3e5fafc02-168542504078fb7eac-2"],"settings":{"title":"","image_width":"full","image_ratio":"portrait","column_alignment":"center","background_style":"none","button_label":"","button_link":"","swipe_on_mobile":false}}},"order":["main","277a1e67-cd59-49df-9128-6e8507729e33","9eaf7bbd-563a-41a6-b60f-e71db51f5f1e","82945774-cb09-462f-bb52-75a3e5fafc02"]}