{"sections":{"pagefly-home":{"type":"main-product","blocks":{"f2b24932-aa9d-4039-b283-f61fe8f9595d":{"type":"title","settings":{}},"16483e12-b206-487f-a2d1-ec323a231f34":{"type":"price","settings":{}},"2a07b8db-d68e-4915-83bb-3985a5f8775b":{"type":"quantity_selector","settings":{}},"5da2d860-692a-438b-a511-2614e4fe185e":{"type":"variant_picker","settings":{"picker_type":"button"}},"19e113cf-f2d8-485c-b943-224aa7166b41":{"type":"buy_buttons","settings":{"show_dynamic_checkout":true}},"7eb6d88e-6273-4a3a-a82a-f5d74eab5d7b":{"type":"description","settings":{}},"c1e9cf9a-c805-4f79-9fd8-c609d0af4885":{"type":"share","settings":{"share_label":"Share"}}},"block_order":["f2b24932-aa9d-4039-b283-f61fe8f9595d","16483e12-b206-487f-a2d1-ec323a231f34","2a07b8db-d68e-4915-83bb-3985a5f8775b","5da2d860-692a-438b-a511-2614e4fe185e","19e113cf-f2d8-485c-b943-224aa7166b41","7eb6d88e-6273-4a3a-a82a-f5d74eab5d7b","c1e9cf9a-c805-4f79-9fd8-c609d0af4885"],"settings":{"enable_sticky_info":true,"hide_variants":false,"enable_video_looping":false}}},"order":["pagefly-home"]}