{"name":"t:sections.header.name","type":"header","sections":{"announcement-bar":{"type":"announcement-bar","blocks":{"a0d36789-ad0e-4583-ad77-ad9cf877e360":{"type":"announcement","settings":{"text":"\"Step Into Confidence, Dive Into Westover Drive\"","text_alignment":"center","color_scheme":"accent-1","link":""}}},"block_order":["a0d36789-ad0e-4583-ad77-ad9cf877e360"],"settings":{}},"header":{"type":"header","settings":{"color_scheme":"background-1","logo_position":"top-center","menu":"main-menu","menu_type_desktop":"mega","sticky_header_type":"none","show_line_separator":true,"mobile_logo_position":"center","margin_bottom":0,"padding_top":20,"padding_bottom":20}}},"order":["announcement-bar","header"]}