{"sections":{"banner":{"type":"main-collection-banner","disabled":true,"settings":{"show_collection_description":false,"show_collection_image":false}},"product-grid":{"type":"main-collection-product-grid","settings":{"products_per_page":8,"image_ratio":"adapt","show_secondary_image":true,"add_image_padding":false,"show_image_outline":false,"show_vendor":false,"show_rating":false,"enable_filtering":false,"enable_sorting":false,"collapse_on_larger_devices":false}}},"order":["banner","product-grid"]}