{"type":"footer","name":"t:sections.footer.settings.footer-group.label","sections":{"footer":{"type":"footer","blocks":{"footer-5":{"type":"subscribe","disabled":true,"settings":{"heading":"<p>SUBSCRIBE TO OUR EMAIL LIST<\/p>","newsletter_text":"<p>FOR DISCOUNTS AND EARLY ACCESS<\/p>","newsletter_sub":"<p>By subscribing you agree to the Terms of Use and Privacy Policy.<\/p>","button_label":"SUBSCRIBE","button_style":"primary"}},"link_list_mrHMXh":{"type":"link_list","settings":{"heading":"Policies","menu":"policies-menu"}},"link_list_mfrtUd":{"type":"link_list","disabled":true,"settings":{"heading":"SHOP SALE","menu":"footer"}},"link_list_HGyVT7":{"type":"link_list","settings":{"heading":"CONTACT US","menu":"contact-menu"}},"link_list_TReDzr":{"type":"link_list","disabled":true,"settings":{"heading":"SHOP NOW","menu":"footer"}},"text_block_FyjRpi":{"type":"text_block","settings":{"heading":"Join The Family","text":"<p>Shop now and elevate your style with our exclusive streetwear collection. Limited stock available.<\/p>"}},"logo_info_xR73df":{"type":"logo_info","settings":{"logo":"shopify:\/\/shop_images\/logo_typography_MAIN_BLKpng.png","letter_text":"","logo_width":100}}},"block_order":["footer-5","link_list_mrHMXh","link_list_mfrtUd","link_list_HGyVT7","link_list_TReDzr","text_block_FyjRpi","logo_info_xR73df"],"settings":{"color_scheme":"background-1","enable_language_selector":false,"enable_country_selector":false,"enable_follow_on_shop":false,"payment_enable":true,"show_policy":false,"margin_top":"no-indent","padding_top":"m","padding_bottom":"m","enable_border_top":false}}},"order":["footer"]}