{"current":{"logo":"shopify:\/\/shop_images\/2024-04-06_06.57.30.png","logo_width":180,"shop_logo_width_mobile":180,"favicon":"shopify:\/\/shop_images\/2024-04-0606.57.30.png","enable_custom_font":false,"custom_font_name_heading":"Heartbit-Bold","custom_font_url_heading":"https:\/\/cdn.shopify.com\/s\/files\/1\/0682\/0393\/8080\/files\/Heartbit-Bold.woff2?v=1679574712","custom_font_name_regular":"Heartbit-Bold","custom_font_url_regular":"https:\/\/cdn.shopify.com\/s\/files\/1\/0682\/0393\/8080\/files\/Heartbit-Bold.woff2?v=1679574712","product_animation":"fade-in","hide_card_price":false,"card_price_text_size":14,"price_position":"center","hide_card_name":false,"card_name_text_size":15,"card_heading_position":"center","hide_card_badge":false,"on_card_glow":true,"card_glow_color":"#000000","card_glow_size":15,"on_card_border":false,"on_card_border_hover":false,"card_border_size":1,"card_border_color":"#000000","card_border_radius":0,"enable_custom_cursor":false,"cursor_image":"shopify:\/\/shop_images\/87018_1_1.png","header_menu_mobile_text_color":"#000000","custom_menu_drawer_bg":"#ffffff","header_icons_color":"#000000","header_bubble_color":"#ffffff","badge_text_color":"#000000","quick_add_bg":"#000000","quick_add_color":"#ffffff","site_text_color":"#000000","site_button_color":"#ffffff","site_button_bg_color":"#000000","custom_add_to_cart_color":"#000000","custom_add_to_cart_bg":"#ffffff","cartbuttonbghover":"#000000","cartbuttonhovertext":"#ffffff","product_checked_pills":"#e7e7e7","product_checked_pills_text":"#000000","SITEBYJIRO_color":"#000000","type_header_font":"eurostile_next_n7","heading_scale":100,"type_body_font":"eurostile_next_n6","body_scale":100,"hide_enter-page":false,"page_width":1200,"spacing_sections":0,"spacing_grid_horizontal":8,"spacing_grid_vertical":8,"buttons_border_thickness":1,"buttons_border_opacity":100,"buttons_radius":24,"buttons_shadow_opacity":0,"buttons_shadow_horizontal_offset":0,"buttons_shadow_vertical_offset":4,"buttons_shadow_blur":5,"variant_pills_border_thickness":1,"variant_pills_border_opacity":55,"variant_pills_radius":12,"variant_pills_shadow_opacity":0,"variant_pills_shadow_horizontal_offset":2,"variant_pills_shadow_vertical_offset":4,"variant_pills_shadow_blur":5,"inputs_border_thickness":1,"inputs_border_opacity":55,"inputs_radius":8,"inputs_shadow_opacity":0,"inputs_shadow_horizontal_offset":0,"inputs_shadow_vertical_offset":0,"inputs_shadow_blur":0,"text_boxes_border_thickness":0,"text_boxes_border_opacity":10,"text_boxes_radius":0,"text_boxes_shadow_opacity":0,"text_boxes_shadow_horizontal_offset":0,"text_boxes_shadow_vertical_offset":4,"text_boxes_shadow_blur":5,"media_border_thickness":1,"media_border_opacity":5,"media_radius":0,"media_shadow_opacity":0,"media_shadow_horizontal_offset":0,"media_shadow_vertical_offset":4,"media_shadow_blur":5,"popup_border_thickness":1,"popup_border_opacity":10,"popup_corner_radius":0,"popup_shadow_opacity":0,"popup_shadow_horizontal_offset":0,"popup_shadow_vertical_offset":4,"popup_shadow_blur":5,"drawer_border_thickness":1,"drawer_border_opacity":10,"drawer_shadow_opacity":0,"drawer_shadow_horizontal_offset":0,"drawer_shadow_vertical_offset":4,"drawer_shadow_blur":5,"badge_position":"top right","badge_corner_radius":40,"brand_headline":"","brand_description":"<p><\/p>","brand_image_width":100,"social_icons_size":24,"social_facebook_link":"","social_instagram_link":"http:\/\/instagram.com\/shopify","social_youtube_link":"","social_tiktok_link":"","social_twitter_link":"","social_discord_link":"","social_snapchat_link":"","social_soundcloud_link":"","social_pinterest_link":"","social_tumblr_link":"","social_vimeo_link":"","predictive_search_enabled":true,"predictive_search_show_vendor":true,"predictive_search_show_price":true,"currency_code_enabled":true,"cart_show_free_shipping_threshold":true,"cart_free_shipping_threshold":"200","cart_type":"drawer","show_vendor":true,"show_cart_note":true,"cart_drawer_collection":"frontpage","cart_icon_style":"text","enable_free_shipping_info":true,"free_shipping_info_minimum":"150","show_music":true,"music_url":"https:\/\/cdn.shopify.com\/s\/files\/1\/0682\/0393\/8080\/files\/Yeat_-_No_more_talk.mp3?v=1681667489","music_btn_color":"#ffffff","card_style":"standard","card_image_padding":0,"card_text_alignment":"left","card_color_scheme":"background-2","card_border_thickness":0,"card_border_opacity":15,"card_corner_radius":0,"card_shadow_opacity":0,"card_shadow_horizontal_offset":0,"card_shadow_vertical_offset":4,"card_shadow_blur":5,"collection_card_style":"standard","collection_card_image_padding":0,"collection_card_text_alignment":"left","collection_card_color_scheme":"background-2","collection_card_border_thickness":0,"collection_card_border_opacity":10,"collection_card_corner_radius":0,"collection_card_shadow_opacity":0,"collection_card_shadow_horizontal_offset":0,"collection_card_shadow_vertical_offset":4,"collection_card_shadow_blur":5,"blog_card_style":"standard","blog_card_image_padding":0,"blog_card_text_alignment":"left","blog_card_color_scheme":"background-2","blog_card_border_thickness":0,"blog_card_border_opacity":10,"blog_card_corner_radius":0,"blog_card_shadow_opacity":0,"blog_card_shadow_horizontal_offset":0,"blog_card_shadow_vertical_offset":4,"blog_card_shadow_blur":5,"sale_badge_color_scheme":"accent-1","sold_out_badge_color_scheme":"inverse","accent_icons":"text","copy_color":"#dcdcdc","colors_solid_button_labels":"#000000","colors_accent_1":"#ffffff","gradient_accent_1":"","colors_accent_2":"#ffffff","gradient_accent_2":"","colors_text":"#ffffff","colors_outline_button_labels":"#ffffff","colors_background_1":"#000000","gradient_background_1":"","colors_background_2":"rgba(0,0,0,0)","gradient_background_2":"","show_disk":true,"audio_file_url":"https:\/\/cdn.shopify.com\/s\/files\/1\/0682\/0393\/8080\/files\/Yeat_-_No_more_talk.mp3?v=1681667489","hide_card_info":true,"custom_font_name":"HeartBit","custom_font_url":"https:\/\/cdn.shopify.com\/s\/files\/1\/0682\/0393\/8080\/files\/Heartbit-Bold.woff2?v=1679574712","sections":{"main-password-header":{"type":"main-password-header","settings":{"logo_pass":"shopify:\/\/shop_images\/2024-04-0606.57.30.png","logo_width_pass":220,"pass_logo_width_mobile":200,"enable_shipping_status":false,"collection_name":"Collection name","collection_status":"Collection in process..","button_text_color":"#ffffff","button_bg_color":"#000000","modal_bg_color":"#161616","close_icon_color":"#ffffff"}},"main-password-footer":{"type":"main-password-footer","settings":{}},"enter-page":{"type":"enter-page","custom_css":[],"settings":{"show_enter_page":false,"show_solid_color_enter":true,"solid_color_enter":"#000000","enter_gradient_color":"","show_video_bg":false,"background_video_url":"https:\/\/cdn.shopify.com\/videos\/c\/o\/v\/7e58f94bb2174e198239ada661a2215b.mp4","background_video_url_mobile":"https:\/\/cdn.shopify.com\/videos\/c\/o\/v\/7e58f94bb2174e198239ada661a2215b.mp4","enter_bg_blur":0,"logoenter_size":310,"logoenter_size_mobile":260,"logo_container_top":4,"logo_container_top_mobile":4,"logo_animation":"fade-in","logo_3d":true,"logo_3d_link":"https:\/\/cdn.shopify.com\/3d\/models\/f3794e760ee5de72\/jito.glb","enable_auto_rotate":true,"auto_rotate_speed":29,"logo_3d_width_pc":270,"logo_3d_height_pc":240,"logo_3d_width_mobile":210,"logo_3d_height_mobile":220,"add_date_time":false,"date_time_color":"#ffffff","date_time_size":13,"home_nav":"main-menu","menu_font_size":15,"enter_menu_space":0,"menu_text_color":"#ffffff","menu_text_transform":"uppercase","menu_list_alignment":"center","enter_menu_font_weight":"bold","enable_menu_animation":false,"show_text_glow":false,"menu_text_glow_color":"#e7e7e7","enable_menu_highlight":true,"menu_highlight_static_color":"rgba(0,0,0,0)","menu_highlight_color":"#000000","menu_highlight_font_color":"#ffffff","menu_highlight_border":2,"menu_highlight_border_width":10,"enable_menu_arrows":true,"show_enter_button":false,"enter_button_text":"Shop all","enter_button_link":"shopify:\/\/collections\/all","enable_enter_button_img":false,"enter_button_img_size":210,"enter_button_img_link":"shopify:\/\/collections\/all","show_enterfooter":true,"icons_color":"#ffffff","copy_text_color":"#ffffff","show_enter_skip_button":false,"enter_skip_button_color":"#ffffff","enter_skip_button_size":17,"show_two_bg":false,"two_bg_enter_button_text":"ENTER","two_bg_seconds":"3"}},"websitebg":{"type":"websitebg","settings":{"show_website_bg_color":true,"website_bg_solid_color":"#ffffff","website_gradient_color":"","show_video_bg_website":false,"background_video_url_website":"https:\/\/cdn.shopify.com\/videos\/c\/o\/v\/46cc18e592864a43a346b8032f38b680.mp4","background_video_url_website_mobile":"https:\/\/cdn.shopify.com\/videos\/c\/o\/v\/bdda76898684442a9abe8bbfd11d50ef.mp4","site_bg_blur":0}},"running-text":{"type":"running-text","settings":{"show_runningtext":true,"running_text":"SITEBYJIRO","run_text_color":"#ffffff","run_line_color":"#d1d1d1","background_color":"#000000","runningfont_size":14,"runningfont_transform":"capitalize"}},"collections-filter":{"type":"collections-filter","settings":{"enable_collection_filter":false,"collections_link_size":15,"collections_link_color":"#000000","collections_border_color":"#585858"}},"pagebg":{"type":"pagebg","settings":{"show_page_bg":false,"show_page_bg_color":true,"page_bg_solid_color":"rgba(0,0,0,0)","page_bg_solid_color_gradient":"linear-gradient(0deg, rgba(254, 224, 224, 1), rgba(255, 255, 255, 1) 28.849%, rgba(255, 255, 255, 1) 100%)","show_video_bg_page":false,"background_video_url_page":"https:\/\/cdn.shopify.com\/videos\/c\/o\/v\/46cc18e592864a43a346b8032f38b680.mp4","background_video_url_page_mobile":"https:\/\/cdn.shopify.com\/videos\/c\/o\/v\/bdda76898684442a9abe8bbfd11d50ef.mp4","page_bg_blur":0}},"pageloader":{"type":"pageloader","settings":{"enable_page_loader":false,"page_loader_img":"shopify:\/\/shop_images\/2024-04-06_06.57.30.png","page_loader_logo_size":350,"page_loader_color":"#ffffff","enable_page_loader_animation":true}},"passwordbg":{"type":"passwordbg","settings":{"show_page_bg_color":true,"page_bg_solid_color":"#000000","page_bg_solid_color_gradient":"","show_video_bg_page":false,"background_video_url_page":"","background_video_url_page_mobile":"","pass_bg_blur":0}},"pass-text-colors":{"type":"pass-text-colors","settings":{"password_text_color":"#ffffff","sub_button_color":"#000000","sub_button_bg_color":"#ffffff","pass_modal_bg_color":"#000000"}},"countdowntimer":{"type":"countdowntimer","settings":{"enable_timer":true,"timer_date":"2024-6-5 19:00:00","timer_number_color":"#ffffff","timer_number_size":34,"timer_text_color":"#ffffff","timer_text_size":14}},"audio-player":{"type":"audio-player","settings":{"enable_audio_player":false,"audio_file_url":"https:\/\/cdn.shopify.com\/s\/files\/1\/0682\/0393\/8080\/files\/Yeat_-_Poppin__musmore.com.mp3?v=1684646008","audio_player_color":"#000000"}},"custom-cursor":{"type":"custom-cursor","settings":{}},"hide-sold-out":{"type":"hide-sold-out","settings":{"enable_hide_sold_out":false,"bg_slider_off":"#a9a9a9","color_slider_off":"#ffffff","bg_slider_on":"#1c1c1c","color_slider_on":"#ffffff","hide_font_size":18}},"PREORDER-TRACKING":{"type":"PREORDER-TRACKING","blocks":{"dd2da712-385c-4b86-8093-6019b3c42249":{"type":"block","settings":{"status":"in_process_color","heading1":"PRE ORDER LIVE","paragraph1":"01.10.23","heading2":"PRE ORDER WILL BE LIVE FOR 20 DAYS"}}},"block_order":["dd2da712-385c-4b86-8093-6019b3c42249"],"settings":{"in_process_color":"#ffffff","finished_color":"#000000","vert_title_size":22,"vert_date_size":16,"vert_desc_size":18}},"pass-status":{"type":"pass-status","settings":{"enable_shipping_status":true,"collection_name":"\"COLLECTION NAME\"","collection_status":"Collection in process..","button_text_color":"#ffffff","button_bg_color":"#444444","modal_bg_color":"#363636","close_icon_color":"#ffffff"}},"newsletter-popup":{"type":"newsletter-popup","settings":{"enable_news_pop_up":true,"background_color":"#ffffff","pop_close_color":"#000000","title_color":"#000000","subtitle_color":"#373737","button_bg_color":"#000000","button_text_color":"#fafafa","popup_title":"Subscribe to Our Newsletter","popup_subtitle":"Get updates and special offers","button_text":"Subscribe","popup_delay":3,"enable_pop_photo":true,"pop_photo":"shopify:\/\/shop_images\/2024-04-06_06.57.30.png","photowidthpc":350,"photowidthmobile":300}},"intro":{"type":"intro","settings":{"showintropage":true,"video_desktop":"https:\/\/cdn.shopify.com\/videos\/c\/o\/v\/e55a5ac13b0143e388fe5a48d7d75b86.mp4","video_mobile":"https:\/\/cdn.shopify.com\/videos\/c\/o\/v\/290c4a6fdb9b4e7195a537638fdcb480.mp4#t=0.2"}}},"content_for_index":[]},"presets":{"Default":{"logo_width":90,"colors_solid_button_labels":"#ffffff","colors_accent_1":"#121212","gradient_accent_1":"","colors_accent_2":"#334fb4","gradient_accent_2":"","colors_text":"#121212","colors_outline_button_labels":"#121212","colors_background_1":"#ffffff","gradient_background_1":"","colors_background_2":"#f3f3f3","gradient_background_2":"","type_header_font":"assistant_n4","heading_scale":100,"type_body_font":"assistant_n4","body_scale":100,"page_width":1200,"spacing_sections":0,"spacing_grid_horizontal":8,"spacing_grid_vertical":8,"buttons_border_thickness":1,"buttons_border_opacity":100,"buttons_radius":0,"buttons_shadow_opacity":0,"buttons_shadow_horizontal_offset":0,"buttons_shadow_vertical_offset":4,"buttons_shadow_blur":5,"variant_pills_border_thickness":1,"variant_pills_border_opacity":55,"variant_pills_radius":40,"variant_pills_shadow_opacity":0,"variant_pills_shadow_horizontal_offset":0,"variant_pills_shadow_vertical_offset":4,"variant_pills_shadow_blur":5,"inputs_border_thickness":1,"inputs_border_opacity":55,"inputs_radius":0,"inputs_shadow_opacity":0,"inputs_shadow_horizontal_offset":0,"inputs_shadow_vertical_offset":4,"inputs_shadow_blur":5,"card_style":"standard","card_image_padding":0,"card_text_alignment":"left","card_color_scheme":"background-2","card_border_thickness":0,"card_border_opacity":10,"card_corner_radius":0,"card_shadow_opacity":0,"card_shadow_horizontal_offset":0,"card_shadow_vertical_offset":4,"card_shadow_blur":5,"collection_card_style":"standard","collection_card_image_padding":0,"collection_card_text_alignment":"left","collection_card_color_scheme":"background-2","collection_card_border_thickness":0,"collection_card_border_opacity":10,"collection_card_corner_radius":0,"collection_card_shadow_opacity":0,"collection_card_shadow_horizontal_offset":0,"collection_card_shadow_vertical_offset":4,"collection_card_shadow_blur":5,"blog_card_style":"standard","blog_card_image_padding":0,"blog_card_text_alignment":"left","blog_card_color_scheme":"background-2","blog_card_border_thickness":0,"blog_card_border_opacity":10,"blog_card_corner_radius":0,"blog_card_shadow_opacity":0,"blog_card_shadow_horizontal_offset":0,"blog_card_shadow_vertical_offset":4,"blog_card_shadow_blur":5,"text_boxes_border_thickness":0,"text_boxes_border_opacity":10,"text_boxes_radius":0,"text_boxes_shadow_opacity":0,"text_boxes_shadow_horizontal_offset":0,"text_boxes_shadow_vertical_offset":4,"text_boxes_shadow_blur":5,"media_border_thickness":1,"media_border_opacity":5,"media_radius":0,"media_shadow_opacity":0,"media_shadow_horizontal_offset":0,"media_shadow_vertical_offset":4,"media_shadow_blur":5,"popup_border_thickness":1,"popup_border_opacity":10,"popup_corner_radius":0,"popup_shadow_opacity":0,"popup_shadow_horizontal_offset":0,"popup_shadow_vertical_offset":4,"popup_shadow_blur":5,"drawer_border_thickness":1,"drawer_border_opacity":10,"drawer_shadow_opacity":0,"drawer_shadow_horizontal_offset":0,"drawer_shadow_vertical_offset":4,"drawer_shadow_blur":5,"badge_position":"bottom left","badge_corner_radius":40,"sale_badge_color_scheme":"accent-2","sold_out_badge_color_scheme":"inverse","accent_icons":"text","brand_headline":"","brand_description":"<p><\/p>","brand_image_width":100,"social_twitter_link":"","social_facebook_link":"","social_pinterest_link":"","social_instagram_link":"","social_tiktok_link":"","social_tumblr_link":"","social_snapchat_link":"","social_youtube_link":"","social_vimeo_link":"","predictive_search_enabled":true,"predictive_search_show_vendor":false,"predictive_search_show_price":false,"currency_code_enabled":true,"cart_type":"notification","show_vendor":false,"show_cart_note":false,"cart_drawer_collection":"","sections":{"main-password-header":{"type":"main-password-header","settings":{"button_text_color":"#ffffff","button_bg_color":"#000000","modal_bg_color":"#ffffff","close_icon_color":"#000000"}},"main-password-footer":{"type":"main-password-footer","settings":{}}}}}}