[{"name":"theme_info","theme_name":"SITEBYJIRO","theme_version":"2.0","theme_author":"SITEBYJIRO","theme_documentation_url":"https:\/\/www.instagram.com\/jiroijo\/","theme_support_url":"https:\/\/www.instagram.com\/jiroijo\/"},{"name":"t:settings_schema.logo.name","settings":[{"type":"image_picker","id":"logo","label":"t:settings_schema.logo.settings.logo_image.label"},{"type":"range","id":"logo_width","min":50,"max":300,"step":10,"default":100,"unit":"px","label":"t:settings_schema.logo.settings.logo_width.label"},{"type":"range","id":"shop_logo_width_mobile","min":30,"max":300,"step":10,"default":50,"unit":"px","label":"Mobile logo width"},{"type":"image_picker","id":"favicon","label":"t:settings_schema.logo.settings.favicon.label","info":"t:settings_schema.logo.settings.favicon.info"}]},{"name":"Custom Font","settings":[{"type":"checkbox","id":"enable_custom_font","label":"Enable Custom Font","info":"Otherwise standard fonts will be displayed, which can be selected in Typography tab","default":false},{"type":"text","id":"custom_font_name_heading","label":"Heading Font Name","info":"Enter the name of the custom font"},{"type":"text","id":"custom_font_url_heading","label":"Heading Font URL","info":"Enter the URL of the custom font file"},{"type":"text","id":"custom_font_name_regular","label":"Regular Font Name","info":"Enter the name of the custom font"},{"type":"text","id":"custom_font_url_regular","label":"Regular Font URL","info":"Enter the URL of the custom font file"}]},{"name":"Catalog Product Cards","settings":[{"type":"header","content":"PRE-ORDER BADGE","info":"To display the 'Pre-order' badge, add the 'preorder' tag to the product"},{"type":"select","id":"product_animation","label":"Product Card Animation","default":"none","info":"May not be visible if Page Loader feature is enabled (animation will run faster than Page Loader disappears)","options":[{"value":"none","label":"None"},{"value":"fade-in","label":"Fade in"},{"value":"slide-in-top","label":"Slide from top"}]},{"type":"header","content":"Price"},{"type":"checkbox","id":"hide_card_price","label":"Hide Card Price","info":"Hide card price catalog page","default":false},{"type":"range","id":"card_price_text_size","label":"Price Text Size","min":7,"max":30,"step":1,"unit":"px","default":12},{"type":"select","id":"price_position","label":"Price Position","default":"left","options":[{"value":"left","label":"Left"},{"value":"center","label":"Center"},{"value":"right","label":"Right"}]},{"type":"header","content":"Name"},{"type":"checkbox","id":"hide_card_name","label":"Hide Card Name","info":"Hide card name catalog page","default":false},{"type":"range","id":"card_name_text_size","label":"Name Text Size","min":7,"max":30,"step":1,"unit":"px","default":15},{"type":"select","id":"card_heading_position","label":"Card Heading Position","default":"left","options":[{"value":"left","label":"Left"},{"value":"center","label":"Center"},{"value":"right","label":"Right"}]},{"type":"header","content":"Badges"},{"type":"checkbox","id":"hide_card_badge","label":"Hide Card Sale & Sold Out Badges","info":"Hide card badges on catalog page","default":false},{"type":"header","content":"Card glow"},{"type":"checkbox","id":"on_card_glow","label":"Enable Glow","default":false},{"type":"color","id":"card_glow_color","label":"Glow Color","default":"#FFFFFF"},{"type":"range","id":"card_glow_size","label":"Glow Size","min":1,"max":50,"step":1,"default":20},{"type":"header","content":"Card border"},{"type":"checkbox","id":"on_card_border","label":"Enable Card Border","default":false},{"type":"checkbox","id":"on_card_border_hover","label":"Enable Border On Hover","info":"Uncheck 'Enable Card Border'","default":false},{"type":"range","id":"card_border_size","label":"Border Size","min":0,"max":30,"step":1,"default":1},{"type":"color","id":"card_border_color","label":"Border Color","default":"#FFFFFF"},{"type":"range","id":"card_border_radius","label":"Border Rounding","min":0,"max":100,"step":1,"default":0}]},{"name":"Custom Cursor","settings":[{"type":"checkbox","id":"enable_custom_cursor","label":"Enable Custom Cursor","info":"This will replace the default cursor with a custom one","default":false},{"type":"image_picker","id":"cursor_image","label":"Cursor Image\/Gif"}]},{"name":"t:settings_schema.colors.name","settings":[{"type":"header","content":"Header"},{"type":"color","id":"header_menu_mobile_text_color","label":"Header menu text color","default":"#FFFFFF"},{"type":"color","id":"custom_menu_drawer_bg","label":"Mobile menu background color","default":"#FFFFFF"},{"type":"color","id":"header_icons_color","label":"Header icons color","default":"#FFFFFF"},{"type":"color","id":"header_bubble_color","label":"Header cart text color","default":"#000000"},{"type":"header","content":"Product grid"},{"type":"color","id":"badge_text_color","label":"Sale&Sold out text color","default":"#FFFFFF"},{"type":"color","id":"badge_bg_color","label":"Sale&Sold out background color","default":"#FFFFFF"},{"type":"color","id":"quick_add_bg","label":"Quick Add Button Background","default":"#000000"},{"type":"color","id":"quick_add_color","label":"Quick Add Button Color","default":"#FFFFFF"},{"type":"header","content":"Text color"},{"type":"color","id":"site_text_color","label":"Website text color","default":"#FFFFFF"},{"type":"header","content":"Buttons"},{"type":"color","id":"site_button_color","label":"Button text color","default":"#FFFFFF"},{"type":"color","id":"site_button_bg_color","label":"Button background color","default":"#000000"},{"type":"color","id":"custom_add_to_cart_color","label":"Add to cart text color","default":"#ffffff"},{"type":"color","id":"custom_add_to_cart_bg","label":"Add to cart background color","default":"#000000"},{"type":"color","id":"cartbuttonbghover","label":"Hover Add to cart background color","default":"#000000"},{"type":"color","id":"cartbuttonhovertext","label":"Hover Add to cart text color","default":"#000000"},{"type":"color","id":"prev-next-color","label":"Previous&Next text color","default":"#000000"},{"type":"color","id":"prev-next-bg","label":"Previous&Next background color","default":"#FFFFFF"},{"type":"header","content":"Product variant picker"},{"type":"color","id":"product_checked_pills","label":"Selected Pill Background","default":"#000000"},{"type":"color","id":"product_checked_pills_text","label":"Selected Pill Text Color","default":"#FFFFFF"},{"type":"header","content":"SITEBYJIRO Copyright"},{"type":"color","id":"SITEBYJIRO_color","label":"Color","default":"#000000"}]},{"name":"t:settings_schema.typography.name","settings":[{"type":"header","content":"t:settings_schema.typography.settings.header__1.content"},{"type":"font_picker","id":"type_header_font","default":"assistant_n4","label":"t:settings_schema.typography.settings.type_header_font.label","info":"t:settings_schema.typography.settings.type_header_font.info"},{"type":"range","id":"heading_scale","min":100,"max":150,"step":5,"unit":"%","label":"t:settings_schema.typography.settings.heading_scale.label","default":100},{"type":"header","content":"t:settings_schema.typography.settings.header__2.content"},{"type":"font_picker","id":"type_body_font","default":"assistant_n4","label":"t:settings_schema.typography.settings.type_body_font.label","info":"t:settings_schema.typography.settings.type_body_font.info"},{"type":"range","id":"body_scale","min":100,"max":130,"step":5,"unit":"%","label":"t:settings_schema.typography.settings.body_scale.label","default":100}]},{"name":"Hide Home Page","settings":[{"type":"checkbox","id":"hide_enter-page","label":"Hide Home Page","info":"When visiting the Welcome Page (Home Page), website visitors will be automatically redirected to the catalog page (...\/collections\/all)","default":false}]},{"name":"t:settings_schema.layout.name","settings":[{"type":"range","id":"page_width","min":1000,"max":1600,"step":100,"default":1200,"unit":"px","label":"t:settings_schema.layout.settings.page_width.label"},{"type":"range","id":"spacing_sections","min":0,"max":100,"step":4,"unit":"px","label":"t:settings_schema.layout.settings.spacing_sections.label","default":0},{"type":"header","content":"t:settings_schema.layout.settings.header__grid.content"},{"type":"paragraph","content":"t:settings_schema.layout.settings.paragraph__grid.content"},{"type":"range","id":"spacing_grid_horizontal","min":4,"max":40,"step":4,"default":8,"unit":"px","label":"t:settings_schema.layout.settings.spacing_grid_horizontal.label"},{"type":"range","id":"spacing_grid_vertical","min":4,"max":40,"step":4,"default":8,"unit":"px","label":"t:settings_schema.layout.settings.spacing_grid_vertical.label"}]},{"name":"t:settings_schema.buttons.name","settings":[{"type":"header","content":"t:settings_schema.global.settings.header__border.content"},{"type":"range","id":"buttons_border_thickness","min":0,"max":12,"step":1,"unit":"px","label":"t:settings_schema.global.settings.thickness.label","default":1},{"type":"range","id":"buttons_border_opacity","min":0,"max":100,"step":5,"unit":"%","label":"t:settings_schema.global.settings.opacity.label","default":100},{"type":"range","id":"buttons_radius","min":0,"max":40,"step":2,"unit":"px","label":"t:settings_schema.global.settings.corner_radius.label","default":0},{"type":"header","content":"t:settings_schema.global.settings.header__shadow.content"},{"type":"range","id":"buttons_shadow_opacity","min":0,"max":100,"step":5,"unit":"%","label":"t:settings_schema.global.settings.opacity.label","default":0},{"type":"range","id":"buttons_shadow_horizontal_offset","min":-12,"max":12,"step":2,"unit":"px","label":"t:settings_schema.global.settings.horizontal_offset.label","default":0},{"type":"range","id":"buttons_shadow_vertical_offset","min":-12,"max":12,"step":2,"unit":"px","label":"t:settings_schema.global.settings.vertical_offset.label","default":0},{"type":"range","id":"buttons_shadow_blur","min":0,"max":20,"step":5,"unit":"px","label":"t:settings_schema.global.settings.blur.label","default":0}]},{"name":"t:settings_schema.variant_pills.name","settings":[{"type":"paragraph","content":"t:settings_schema.variant_pills.paragraph"},{"type":"header","content":"t:settings_schema.global.settings.header__border.content"},{"type":"range","id":"variant_pills_border_thickness","min":0,"max":12,"step":1,"unit":"px","label":"t:settings_schema.global.settings.thickness.label","default":1},{"type":"range","id":"variant_pills_border_opacity","min":0,"max":100,"step":5,"unit":"%","label":"t:settings_schema.global.settings.opacity.label","default":55},{"type":"range","id":"variant_pills_radius","min":0,"max":40,"step":2,"unit":"px","label":"t:settings_schema.global.settings.corner_radius.label","default":40},{"type":"header","content":"t:settings_schema.global.settings.header__shadow.content"},{"type":"range","id":"variant_pills_shadow_opacity","min":0,"max":100,"step":5,"unit":"%","label":"t:settings_schema.global.settings.opacity.label","default":0},{"type":"range","id":"variant_pills_shadow_horizontal_offset","min":-12,"max":12,"step":2,"unit":"px","label":"t:settings_schema.global.settings.horizontal_offset.label","default":0},{"type":"range","id":"variant_pills_shadow_vertical_offset","min":-12,"max":12,"step":2,"unit":"px","label":"t:settings_schema.global.settings.vertical_offset.label","default":0},{"type":"range","id":"variant_pills_shadow_blur","min":0,"max":20,"step":5,"unit":"px","label":"t:settings_schema.global.settings.blur.label","default":0}]},{"name":"t:settings_schema.inputs.name","settings":[{"type":"header","content":"t:settings_schema.global.settings.header__border.content"},{"type":"range","id":"inputs_border_thickness","min":0,"max":12,"step":1,"unit":"px","label":"t:settings_schema.global.settings.thickness.label","default":1},{"type":"range","id":"inputs_border_opacity","min":0,"max":100,"step":5,"unit":"%","label":"t:settings_schema.global.settings.opacity.label","default":55},{"type":"range","id":"inputs_radius","min":0,"max":40,"step":2,"unit":"px","label":"t:settings_schema.global.settings.corner_radius.label","default":0},{"type":"header","content":"t:settings_schema.global.settings.header__shadow.content"},{"type":"range","id":"inputs_shadow_opacity","min":0,"max":100,"step":5,"unit":"%","label":"t:settings_schema.global.settings.opacity.label","default":0},{"type":"range","id":"inputs_shadow_horizontal_offset","min":-12,"max":12,"step":2,"unit":"px","label":"t:settings_schema.global.settings.horizontal_offset.label","default":0},{"type":"range","id":"inputs_shadow_vertical_offset","min":-12,"max":12,"step":2,"unit":"px","label":"t:settings_schema.global.settings.vertical_offset.label","default":0},{"type":"range","id":"inputs_shadow_blur","min":0,"max":20,"step":5,"unit":"px","label":"t:settings_schema.global.settings.blur.label","default":0}]},{"name":"t:settings_schema.content_containers.name","settings":[{"type":"header","content":"t:settings_schema.global.settings.header__border.content"},{"type":"range","id":"text_boxes_border_thickness","min":0,"max":24,"step":1,"unit":"px","label":"t:settings_schema.global.settings.thickness.label","default":0},{"type":"range","id":"text_boxes_border_opacity","min":0,"max":100,"step":5,"unit":"%","label":"t:settings_schema.global.settings.opacity.label","default":0},{"type":"range","id":"text_boxes_radius","min":0,"max":40,"step":2,"unit":"px","label":"t:settings_schema.global.settings.corner_radius.label","default":0},{"type":"header","content":"t:settings_schema.global.settings.header__shadow.content"},{"type":"range","id":"text_boxes_shadow_opacity","min":0,"max":100,"step":5,"unit":"%","label":"t:settings_schema.global.settings.opacity.label","default":0},{"type":"range","id":"text_boxes_shadow_horizontal_offset","min":-40,"max":40,"step":2,"unit":"px","label":"t:settings_schema.global.settings.horizontal_offset.label","default":0},{"type":"range","id":"text_boxes_shadow_vertical_offset","min":-40,"max":40,"step":2,"unit":"px","label":"t:settings_schema.global.settings.vertical_offset.label","default":0},{"type":"range","id":"text_boxes_shadow_blur","min":0,"max":40,"step":5,"unit":"px","label":"t:settings_schema.global.settings.blur.label","default":0}]},{"name":"t:settings_schema.media.name","settings":[{"type":"header","content":"t:settings_schema.global.settings.header__border.content"},{"type":"range","id":"media_border_thickness","min":0,"max":24,"step":1,"unit":"px","label":"t:settings_schema.global.settings.thickness.label","default":1},{"type":"range","id":"media_border_opacity","min":0,"max":100,"step":5,"unit":"%","label":"t:settings_schema.global.settings.opacity.label","default":5},{"type":"range","id":"media_radius","min":0,"max":40,"step":2,"unit":"px","label":"t:settings_schema.global.settings.corner_radius.label","default":0},{"type":"header","content":"t:settings_schema.global.settings.header__shadow.content"},{"type":"range","id":"media_shadow_opacity","min":0,"max":100,"step":5,"unit":"%","label":"t:settings_schema.global.settings.opacity.label","default":0},{"type":"range","id":"media_shadow_horizontal_offset","min":-40,"max":40,"step":2,"unit":"px","label":"t:settings_schema.global.settings.horizontal_offset.label","default":0},{"type":"range","id":"media_shadow_vertical_offset","min":-40,"max":40,"step":2,"unit":"px","label":"t:settings_schema.global.settings.vertical_offset.label","default":0},{"type":"range","id":"media_shadow_blur","min":0,"max":40,"step":5,"unit":"px","label":"t:settings_schema.global.settings.blur.label","default":0}]},{"name":"t:settings_schema.popups.name","settings":[{"type":"paragraph","content":"t:settings_schema.popups.paragraph"},{"type":"header","content":"t:settings_schema.global.settings.header__border.content"},{"type":"range","id":"popup_border_thickness","min":0,"max":24,"step":1,"unit":"px","label":"t:settings_schema.global.settings.thickness.label","default":1},{"type":"range","id":"popup_border_opacity","min":0,"max":100,"step":5,"unit":"%","label":"t:settings_schema.global.settings.opacity.label","default":10},{"type":"range","id":"popup_corner_radius","min":0,"max":40,"step":2,"unit":"px","label":"t:settings_schema.global.settings.corner_radius.label","default":0},{"type":"header","content":"t:settings_schema.global.settings.header__shadow.content"},{"type":"range","id":"popup_shadow_opacity","min":0,"max":100,"step":5,"unit":"%","label":"t:settings_schema.global.settings.opacity.label","default":0},{"type":"range","id":"popup_shadow_horizontal_offset","min":-40,"max":40,"step":2,"unit":"px","label":"t:settings_schema.global.settings.horizontal_offset.label","default":0},{"type":"range","id":"popup_shadow_vertical_offset","min":-40,"max":40,"step":2,"unit":"px","label":"t:settings_schema.global.settings.vertical_offset.label","default":0},{"type":"range","id":"popup_shadow_blur","min":0,"max":40,"step":5,"unit":"px","label":"t:settings_schema.global.settings.blur.label","default":0}]},{"name":"t:settings_schema.drawers.name","settings":[{"type":"header","content":"t:settings_schema.global.settings.header__border.content"},{"type":"range","id":"drawer_border_thickness","min":0,"max":24,"step":1,"unit":"px","label":"t:settings_schema.global.settings.thickness.label","default":1},{"type":"range","id":"drawer_border_opacity","min":0,"max":100,"step":5,"unit":"%","label":"t:settings_schema.global.settings.opacity.label","default":10},{"type":"header","content":"t:settings_schema.global.settings.header__shadow.content"},{"type":"range","id":"drawer_shadow_opacity","min":0,"max":100,"step":5,"unit":"%","label":"t:settings_schema.global.settings.opacity.label","default":0},{"type":"range","id":"drawer_shadow_horizontal_offset","min":-40,"max":40,"step":2,"unit":"px","label":"t:settings_schema.global.settings.horizontal_offset.label","default":0},{"type":"range","id":"drawer_shadow_vertical_offset","min":-40,"max":40,"step":2,"unit":"px","label":"t:settings_schema.global.settings.vertical_offset.label","default":0},{"type":"range","id":"drawer_shadow_blur","min":0,"max":40,"step":5,"unit":"px","label":"t:settings_schema.global.settings.blur.label","default":0}]},{"name":"t:settings_schema.badges.name","settings":[{"type":"select","id":"badge_position","options":[{"value":"bottom left","label":"t:settings_schema.badges.settings.position.options__1.label"},{"value":"bottom right","label":"t:settings_schema.badges.settings.position.options__2.label"},{"value":"top left","label":"t:settings_schema.badges.settings.position.options__3.label"},{"value":"top right","label":"t:settings_schema.badges.settings.position.options__4.label"}],"default":"bottom left","label":"t:settings_schema.badges.settings.position.label"},{"type":"range","id":"badge_corner_radius","min":0,"max":40,"step":2,"unit":"px","label":"t:settings_schema.global.settings.corner_radius.label","default":40}]},{"name":"t:settings_schema.brand_information.name","settings":[{"type":"paragraph","content":"t:settings_schema.brand_information.settings.paragraph.content"},{"type":"inline_richtext","id":"brand_headline","label":"t:settings_schema.brand_information.settings.brand_headline.label"},{"type":"richtext","id":"brand_description","label":"t:settings_schema.brand_information.settings.brand_description.label"},{"type":"image_picker","id":"brand_image","label":"t:settings_schema.brand_information.settings.brand_image.label"},{"type":"range","id":"brand_image_width","min":50,"max":550,"step":5,"default":100,"unit":"px","label":"t:settings_schema.brand_information.settings.brand_image_width.label"}]},{"name":"t:settings_schema.social-media.name","settings":[{"type":"header","content":"t:settings_schema.social-media.settings.header.content"},{"type":"range","id":"social_icons_size","label":"Social Icon Size","min":5,"max":100,"step":1,"default":20,"unit":"px"},{"type":"text","id":"social_facebook_link","label":"t:settings_schema.social-media.settings.social_facebook_link.label","info":"t:settings_schema.social-media.settings.social_facebook_link.info"},{"type":"text","id":"social_instagram_link","label":"t:settings_schema.social-media.settings.social_instagram_link.label","info":"t:settings_schema.social-media.settings.social_instagram_link.info"},{"type":"text","id":"social_youtube_link","label":"t:settings_schema.social-media.settings.social_youtube_link.label","info":"t:settings_schema.social-media.settings.social_youtube_link.info"},{"type":"text","id":"social_tiktok_link","label":"t:settings_schema.social-media.settings.social_tiktok_link.label","info":"t:settings_schema.social-media.settings.social_tiktok_link.info"},{"type":"text","id":"social_twitter_link","label":"t:settings_schema.social-media.settings.social_twitter_link.label","info":"t:settings_schema.social-media.settings.social_twitter_link.info"},{"type":"text","id":"social_discord_link","label":"t:settings_schema.social-media.settings.social_discord_link.label","info":"https:\/\/discord.gg\/shopify"},{"type":"text","id":"social_snapchat_link","label":"t:settings_schema.social-media.settings.social_snapchat_link.label","info":"t:settings_schema.social-media.settings.social_snapchat_link.info"},{"type":"text","id":"social_soundcloud_link","label":"SoundCloud","info":"https:\/\/soundcloud.com\/shopify"},{"type":"text","id":"social_pinterest_link","label":"t:settings_schema.social-media.settings.social_pinterest_link.label","info":"t:settings_schema.social-media.settings.social_pinterest_link.info"},{"type":"text","id":"social_tumblr_link","label":"t:settings_schema.social-media.settings.social_tumblr_link.label","info":"t:settings_schema.social-media.settings.social_tumblr_link.info"},{"type":"text","id":"social_vimeo_link","label":"t:settings_schema.social-media.settings.social_vimeo_link.label","info":"t:settings_schema.social-media.settings.social_vimeo_link.info"}]},{"name":"t:settings_schema.search_input.name","settings":[{"type":"header","content":"t:settings_schema.search_input.settings.header.content"},{"type":"checkbox","id":"predictive_search_enabled","default":true,"label":"t:settings_schema.search_input.settings.predictive_search_enabled.label"},{"type":"checkbox","id":"predictive_search_show_vendor","default":false,"label":"t:settings_schema.search_input.settings.predictive_search_show_vendor.label","info":"t:settings_schema.search_input.settings.predictive_search_show_vendor.info"},{"type":"checkbox","id":"predictive_search_show_price","default":false,"label":"t:settings_schema.search_input.settings.predictive_search_show_price.label","info":"t:settings_schema.search_input.settings.predictive_search_show_price.info"}]},{"name":"t:settings_schema.currency_format.name","settings":[{"type":"header","content":"t:settings_schema.currency_format.settings.content"},{"type":"paragraph","content":"t:settings_schema.currency_format.settings.paragraph"},{"type":"checkbox","id":"currency_code_enabled","label":"t:settings_schema.currency_format.settings.currency_code_enabled.label","default":true}]},{"name":"t:settings_schema.cart.name","settings":[{"type":"checkbox","id":"cart_show_free_shipping_threshold","label":"Show free shipping minimum amount","info":"Make sure that you have properly configured your [shipping rates](\/admin\/settings\/shipping).","default":false},{"type":"text","id":"cart_free_shipping_threshold","label":"Free shipping minimum amount","info":"Works with one currency on the site (no currency selection). Also only write a number","default":"50"},{"type":"select","id":"cart_type","options":[{"value":"drawer","label":"t:settings_schema.cart.settings.cart_type.drawer.label"},{"value":"page","label":"t:settings_schema.cart.settings.cart_type.page.label"},{"value":"notification","label":"t:settings_schema.cart.settings.cart_type.notification.label"}],"default":"notification","label":"t:settings_schema.cart.settings.cart_type.label"},{"type":"checkbox","id":"show_vendor","label":"t:settings_schema.cart.settings.show_vendor.label","default":false},{"type":"checkbox","id":"show_cart_note","label":"t:settings_schema.cart.settings.show_cart_note.label","default":false},{"type":"header","content":"t:settings_schema.cart.settings.cart_drawer.header"},{"type":"collection","id":"cart_drawer_collection","label":"t:settings_schema.cart.settings.cart_drawer.collection.label","info":"t:settings_schema.cart.settings.cart_drawer.collection.info"}]}]