{"name":"t:sections.footer.name","type":"footer","sections":{"footer":{"type":"footer","blocks":{"link_list_p4k36R":{"type":"link_list","settings":{"heading":"Quick links","menu":"footer"}}},"block_order":["link_list_p4k36R"],"custom_css":[".footer-bottom {justify-content: space-evenly; align-items: center;}"],"settings":{"color_scheme":"background-1","newsletter_enable":false,"newsletter_heading":"","enable_follow_on_shop":false,"show_social":true,"enable_country_selector":true,"enable_language_selector":false,"payment_enable":false,"show_policy":true,"margin_top":20,"padding_top":100,"padding_bottom":40}}},"order":["footer"]}