{"sections":{"image_banner_fAD4nT":{"type":"image-banner","disabled":true,"settings":{"full_width":true,"color_scheme":"","heading":"","description":"","text_align":"left","text_vertical":"center","button_label":"","button_link":"","button_style":"primary","image":"shopify:\/\/shop_images\/DSC4746.jpg","image_size":"medium","overlay_opacity":20,"margin_top":"no-indent","margin_bottom":"no-indent","padding_top":"s","padding_bottom":"s"}},"slideshow":{"type":"slideshow","blocks":{"slideshow_item-3":{"type":"slideshow_item","settings":{"color_scheme":"","image":"shopify:\/\/shop_images\/image0.jpg","badge":"","heading":"","text":"","primary_button_label":"","primary_button_link":"","primary_button_style":"primary","secondary_button_label":"","secondary_button_link":"","overlay_opacity":30}},"slideshow_item_wx6eWc":{"type":"slideshow_item","disabled":true,"settings":{"color_scheme":"background-2","image":"shopify:\/\/shop_images\/462576341_624588386584071_8673693709421531727_n.jpg","badge":"","heading":"","text":"","primary_button_label":"","primary_button_link":"","primary_button_style":"primary","secondary_button_label":"","secondary_button_link":"","overlay_opacity":30}},"slideshow_item_URFe7k":{"type":"slideshow_item","disabled":true,"settings":{"color_scheme":"background-2","image":"shopify:\/\/shop_images\/462581660_1754623541988667_4335246881488983272_n.jpg","badge":"","heading":"","text":"","primary_button_label":"","primary_button_link":"","primary_button_style":"primary","secondary_button_label":"","secondary_button_link":"","overlay_opacity":30}},"slideshow_item-2":{"type":"slideshow_item","disabled":true,"settings":{"color_scheme":"","image":"shopify:\/\/shop_images\/462570042_608267814941153_8980194126796621302_n.jpg","badge":"","heading":"","text":"","primary_button_label":"","primary_button_link":"","primary_button_style":"primary","secondary_button_label":"","secondary_button_link":"","overlay_opacity":30}}},"block_order":["slideshow_item-3","slideshow_item_wx6eWc","slideshow_item_URFe7k","slideshow_item-2"],"settings":{"section_layout":"overlay","section_size":"full","content_alignment":"center","image_size":"21\/9","is_autoplay":false,"is_hover_stop_autoplay":true,"show_arrows":true,"show_bullets":true,"slideshow_speed":1.1,"slideshow_delay":3,"slide_effects":"slide","margin_top":"no-indent","margin_bottom":"xs"}},"featured_product_GizNQ3":{"type":"featured-product","blocks":{"tags_cEGRwd":{"type":"tags","settings":{}},"title_nfAFia":{"type":"title","settings":{}},"buy_buttons_PXYdBe":{"type":"buy_buttons","settings":{"show_dynamic_checkout":false,"show_quantity":false,"show_gift_card_recipient":false}}},"block_order":["tags_cEGRwd","title_nfAFia","buy_buttons_PXYdBe"],"settings":{"heading":"Winter Collection ⛄","description":"","product":"puffer-jacket-black","show_two":true,"margin_top":"s","margin_bottom":"s"}},"popular-products":{"type":"popular-products","disabled":true,"settings":{"product_list":["vermilion-french-terry-sweater","french-terry-vermilion-pants","french-terry-creme-pants","french-terry-brown-pants","blue-french-terry-sweater"],"heading":"New Arrivals","description":"","button_label":"","button_link":"","button_style":"secondary","autoplay":false,"stop_autoplay":false,"show_arrows":true,"slideshow_speed":1.1,"slideshow_delay":3,"image_ratio":"portrait","image_fit":"cover","show_two_cards":false,"show_secondary_image":false,"show_sku":false,"show_vendor":false,"show_collection_name":false,"show_color_swatch":false,"show_desc":false,"margin_top":"no-indent","margin_bottom":"xs"}},"featured_product_MxjKB3":{"type":"featured-product","blocks":{"tags_QJKBDq":{"type":"tags","settings":{}},"title_EePKBC":{"type":"title","settings":{}},"buy_buttons_aqYzfn":{"type":"buy_buttons","settings":{"show_dynamic_checkout":false,"show_quantity":false,"show_gift_card_recipient":false}}},"block_order":["tags_QJKBDq","title_EePKBC","buy_buttons_aqYzfn"],"settings":{"heading":"","description":"","product":"puffer-jacket-white","show_two":true,"margin_top":"s","margin_bottom":"s"}},"featured_product_QnRY7K":{"type":"featured-product","blocks":{"tags_htLPAz":{"type":"tags","settings":{}},"title_Gy4ATV":{"type":"title","settings":{}},"buy_buttons_eFJ8hb":{"type":"buy_buttons","settings":{"show_dynamic_checkout":false,"show_quantity":false,"show_gift_card_recipient":false}}},"block_order":["tags_htLPAz","title_Gy4ATV","buy_buttons_eFJ8hb"],"settings":{"heading":"","description":"","product":"grey-foe-hoodie","show_two":true,"margin_top":"s","margin_bottom":"s"}},"featured_product_CATMfM":{"type":"featured-product","blocks":{"tags_KhmTCE":{"type":"tags","settings":{}},"title_Tka9TY":{"type":"title","settings":{}},"buy_buttons_yDXitz":{"type":"buy_buttons","settings":{"show_dynamic_checkout":false,"show_quantity":false,"show_gift_card_recipient":false}}},"block_order":["tags_KhmTCE","title_Tka9TY","buy_buttons_yDXitz"],"settings":{"heading":"","description":"","product":"grey-foe-sweatpants","show_two":true,"margin_top":"s","margin_bottom":"s"}},"featured_product_hibLxH":{"type":"featured-product","blocks":{"tags_rAXrD7":{"type":"tags","settings":{}},"title_nnwGVP":{"type":"title","settings":{}},"buy_buttons_y4MHkM":{"type":"buy_buttons","settings":{"show_dynamic_checkout":false,"show_quantity":false,"show_gift_card_recipient":false}}},"block_order":["tags_rAXrD7","title_nnwGVP","buy_buttons_y4MHkM"],"settings":{"heading":"","description":"","product":"black-foe-hoodie","show_two":true,"margin_top":"s","margin_bottom":"s"}},"featured_product_Eq4jVx":{"type":"featured-product","blocks":{"tags_ra6Uk7":{"type":"tags","settings":{}},"title_4CdPjr":{"type":"title","settings":{}},"buy_buttons_RA9crU":{"type":"buy_buttons","settings":{"show_dynamic_checkout":false,"show_quantity":false,"show_gift_card_recipient":false}}},"block_order":["tags_ra6Uk7","title_4CdPjr","buy_buttons_RA9crU"],"settings":{"heading":"","description":"","product":"black-foe-sweatpants","show_two":true,"margin_top":"s","margin_bottom":"s"}},"image_with_text_cK8zpx":{"type":"image-with-text","disabled":true,"settings":{"color_scheme":"","heading":"Heading","heading_size":"h1","badge":"NEW ARRIVAL","text":"<p>Some description<\/p>","primary_button_label":"Shop now","primary_button_link":"\/","primary_button_style":"primary","secondary_button_label":"","secondary_button_link":"","image_first":"shopify:\/\/shop_images\/03858EAB-6B80-4142-959F-8AA870C30739.jpg","image_second":"shopify:\/\/shop_images\/573EE8ED-7EAC-46E6-9ADD-5369A04C3FF4.jpg","hide_img":true,"image_ratio":"square","margin_top":"no-indent","margin_bottom":"no-indent","padding_top":"s","padding_bottom":"s","enable_border_top":false,"enable_border_bottom":false}},"image_with_text_rhn3pN":{"type":"image-with-text","disabled":true,"custom_css":["@media screen and (min-width: 990px) {.image-with-text__wrapper {flex-direction: row-reverse; }}"],"settings":{"color_scheme":"","heading":"Heading","heading_size":"h1","badge":"NEW ARRIVAL","text":"<p>Some description<\/p>","primary_button_label":"Shop Now","primary_button_link":"\/","primary_button_style":"primary","secondary_button_label":"","secondary_button_link":"","image_first":"shopify:\/\/shop_images\/03858EAB-6B80-4142-959F-8AA870C30739.jpg","image_second":"shopify:\/\/shop_images\/573EE8ED-7EAC-46E6-9ADD-5369A04C3FF4.jpg","hide_img":true,"image_ratio":"square","margin_top":"no-indent","margin_bottom":"no-indent","padding_top":"s","padding_bottom":"s","enable_border_top":false,"enable_border_bottom":false}},"image_with_text_AXUCt4":{"type":"image-with-text","disabled":true,"settings":{"color_scheme":"","heading":"Heading","heading_size":"h1","badge":"NEW ARRIVAL","text":"<p>Some description<\/p>","primary_button_label":"Shop Now","primary_button_link":"\/","primary_button_style":"primary","secondary_button_label":"","secondary_button_link":"","image_first":"shopify:\/\/shop_images\/03858EAB-6B80-4142-959F-8AA870C30739.jpg","image_second":"shopify:\/\/shop_images\/573EE8ED-7EAC-46E6-9ADD-5369A04C3FF4.jpg","hide_img":true,"image_ratio":"square","margin_top":"no-indent","margin_bottom":"no-indent","padding_top":"s","padding_bottom":"s","enable_border_top":false,"enable_border_bottom":false}},"featured_product_zKg6Va":{"type":"featured-product","blocks":{"tags_UHbNMx":{"type":"tags","settings":{}},"title_CRWd4e":{"type":"title","settings":{}},"buy_buttons_9L6kNW":{"type":"buy_buttons","settings":{"show_dynamic_checkout":false,"show_quantity":false,"show_gift_card_recipient":false}}},"block_order":["tags_UHbNMx","title_CRWd4e","buy_buttons_9L6kNW"],"settings":{"heading":"Heading","description":"<p>Description<\/p>","product":"lightweight-wool-skull-cap","show_two":true,"margin_top":"s","margin_bottom":"s"}}},"order":["image_banner_fAD4nT","slideshow","featured_product_GizNQ3","popular-products","featured_product_MxjKB3","featured_product_QnRY7K","featured_product_CATMfM","featured_product_hibLxH","featured_product_Eq4jVx","image_with_text_cK8zpx","image_with_text_rhn3pN","image_with_text_AXUCt4","featured_product_zKg6Va"]}