{"sections":{"main":{"type":"main-page","disabled":true,"settings":{"padding_top":"no-indent","padding_bottom":"no-indent"}},"collection_grid_4LGFGm":{"type":"collection-grid","blocks":{"categories_hnYTjx":{"type":"categories","settings":{"collection":"new-arrivals","column_start":1,"column_end":2,"row_start":"unset","row_end":"unset"}},"categories_qpBM8y":{"type":"categories","settings":{"collection":"cozy-collection","column_start":2,"column_end":3,"row_start":"unset","row_end":"unset"}},"categories_bD74Mx":{"type":"categories","settings":{"collection":"kykc","column_start":3,"column_end":7,"row_start":"unset","row_end":"unset"}},"categories_wTQJbG":{"type":"categories","settings":{"collection":"spring-24","column_start":3,"column_end":4,"row_start":"unset","row_end":"unset"}}},"block_order":["categories_hnYTjx","categories_qpBM8y","categories_bD74Mx","categories_wTQJbG"],"settings":{"columns":3,"blocks_spacing":"xs","image_ratio":"square","card_type":"overlay","show_collection_desc":false,"margin_top":"xs","margin_bottom":"xs"}}},"order":["main","collection_grid_4LGFGm"]}