{"sections":{"main":{"type":"main-page","disabled":true,"settings":{"padding_top":"no-indent","padding_bottom":"no-indent"}},"custom-form":{"type":"custom-form","blocks":{"custom_question_NcnpRX":{"type":"custom_question","settings":{"question_label":"What is your Instagram handle?","placeholder":"Your instagram?"}},"custom_question_KcP89W":{"type":"custom_question","settings":{"question_label":"What is your TikTok handle? (Optional)","placeholder":"Your TikTok?"}}},"block_order":["custom_question_NcnpRX","custom_question_KcP89W"],"settings":{"heading":"Become a Brand Ambassador\/Models","description":"","button_label":"","button_link":"","button_style":"primary","additional_text":"","margin_top":"s","margin_bottom":"s"}}},"order":["main","custom-form"]}