{"sections":{"main":{"type":"main-page","disabled":true,"settings":{"padding_top":"no-indent","padding_bottom":"no-indent"}},"gallery_NNwWJX":{"type":"gallery","blocks":{"image_a6BxAp":{"type":"image","settings":{"image_alt":""}},"image_BRbJmw":{"type":"image","settings":{"image_alt":""}},"image_9YPjWT":{"type":"image","settings":{"image_alt":""}}},"block_order":["image_a6BxAp","image_BRbJmw","image_9YPjWT"],"settings":{"heading":"L👁️👁️KBOOK","images_per_row":3,"images_per_rowm":2,"image_aspect_ratio":"cover"}}},"order":["main","gallery_NNwWJX"]}