{"sections":{"main":{"type":"main-page","disabled":true,"settings":{"padding_top":"no-indent","padding_bottom":"no-indent"}},"custom-card":{"type":"custom-card","settings":{"backgrooundpic":"shopify:\/\/shop_images\/6b35ed8ec516434484d03deb2d88e52e.gif","profile_picture":"shopify:\/\/shop_images\/logo.webp","instagramheader":"Instagram","instagramurl":"https:\/\/instagram.com\/foe.streetwear\/","tiktokheader":"TikTok","tiktokurl":"https:\/\/www.tiktok.com\/@foe.streetwear","webheader":"Website","weburl":"https:\/\/foestreetwear.com\/","emailheader":"Email","emailurl":"foestreetwear0@gmail.com"}}},"order":["main","custom-card"]}