{"layout":"password","sections":{"main":{"type":"newsletter","settings":{"color_scheme":"","position":"left","heading":"<strong>Join The Family<\/strong>","text":"<p>Shop now and elevate your style with our exclusive streetwear collection.<\/p>","newsletter_text":"<p>Newsletter subscribers will receive up to 20% off their first order.<\/p>","button_style":"primary","margin_top":"no-indent","margin_bottom":"no-indent","padding_top":"m","padding_bottom":"m"}},"custom_liquid_QtnmnN":{"type":"custom-liquid","settings":{"custom_liquid":"{%render 'addimagetopasswordpage'%}"}}},"order":["main","custom_liquid_QtnmnN"]}