{"sections":{"image-banner":{"type":"image-banner","settings":{"text__h":"FOE STREET WEAR","heading_color":"#ffffff","text__b":"NEWEST DROP","text__bu":"shopify:\/\/collections\/all","button_bcolor":"#c3c3c3","button_color":"#ffffff","number__":32}},"featured-collection":{"type":"featured-collection","settings":{"collection_handle":"","products_per_page":20,"collection-title":"","margin-top":0,"margin-bottom":0,"shownav":true,"desktopc":"#000","mobilebg":"#000","mobilec":"#fff"}}},"order":["image-banner","featured-collection"]}