{"sections":{"main":{"type":"main-list-collections","disabled":true,"settings":{"title":"Collections","sort":"alphabetical","image_ratio":"square","columns_desktop":3,"columns_mobile":"2"}},"featured_collection_PECwR7":{"type":"featured-collection","settings":{"title":"MEN'S WEAR","heading_size":"h1","description":"","show_description":false,"description_style":"body","collection":"yori","products_to_show":7,"columns_desktop":4,"full_width":false,"show_view_all":true,"view_all_style":"solid","enable_desktop_slider":false,"color_scheme":"background-1","image_ratio":"adapt","show_secondary_image":false,"show_vendor":false,"show_rating":false,"enable_quick_add":false,"columns_mobile":"2","swipe_on_mobile":false,"padding_top":36,"padding_bottom":36}}},"order":["main","featured_collection_PECwR7"]}