{"sections":{"76dc6211-35c0-4ac4-b699-2a4113578fa9":{"type":"rich-text","blocks":{"template--14490044039297__76dc6211-35c0-4ac4-b699-2a4113578fa9-16798985633bbca965-0":{"type":"heading","settings":{"heading":"<h2><strong>About Westover Drive<\/strong><\/h2>","heading_size":"h1"}},"template--14490044039297__76dc6211-35c0-4ac4-b699-2a4113578fa9-16798985633bbca965-1":{"type":"text","settings":{"text":"<p>Westover Drive began in Anson, Texas. A small town of 3,000 people. Started by owner and CEO Jacob Cayde. Westover signifies dedication and longevity by showing you can be successful in any avenue, regardless of where you come from. Forever chase your dreams.<\/p><p>Thank you for shopping with us, and we hope you thoroughly enjoy your products.<\/p><p><\/p>"}}},"block_order":["template--14490044039297__76dc6211-35c0-4ac4-b699-2a4113578fa9-16798985633bbca965-0","template--14490044039297__76dc6211-35c0-4ac4-b699-2a4113578fa9-16798985633bbca965-1"],"settings":{"desktop_content_position":"center","content_alignment":"center","color_scheme":"background-1","full_width":true,"padding_top":40,"padding_bottom":52}},"main":{"type":"main-page","disabled":true,"settings":{"padding_top":28,"padding_bottom":28}}},"order":["76dc6211-35c0-4ac4-b699-2a4113578fa9","main"]}