{"sections":{"main":{"type":"main-page","disabled":true,"settings":{"padding_top":28,"padding_bottom":28}},"19f79ca2-b4b9-4a66-bab4-ac10a710980a":{"type":"multicolumn","blocks":{"template--14490044072065__19f79ca2-b4b9-4a66-bab4-ac10a710980a-167989861971adbd16-0":{"type":"column","settings":{"image":"shopify:\/\/shop_images\/image0.jpg","title":"","text":"","link_label":"","link":""}},"template--14490044072065__19f79ca2-b4b9-4a66-bab4-ac10a710980a-167989861971adbd16-1":{"type":"column","settings":{"image":"shopify:\/\/shop_images\/image0_1.jpg","title":"","text":"","link_label":"","link":""}},"template--14490044072065__19f79ca2-b4b9-4a66-bab4-ac10a710980a-167989861971adbd16-2":{"type":"column","settings":{"image":"shopify:\/\/shop_images\/IMG-1963.jpg","title":"","text":"","link_label":"","link":""}}},"block_order":["template--14490044072065__19f79ca2-b4b9-4a66-bab4-ac10a710980a-167989861971adbd16-0","template--14490044072065__19f79ca2-b4b9-4a66-bab4-ac10a710980a-167989861971adbd16-1","template--14490044072065__19f79ca2-b4b9-4a66-bab4-ac10a710980a-167989861971adbd16-2"],"settings":{"title":"","heading_size":"h1","image_width":"full","image_ratio":"portrait","columns_desktop":3,"column_alignment":"left","background_style":"primary","button_label":"","button_link":"","color_scheme":"background-1","columns_mobile":"1","swipe_on_mobile":true,"padding_top":36,"padding_bottom":36}}},"order":["main","19f79ca2-b4b9-4a66-bab4-ac10a710980a"]}