{"current":{"logo":"shopify:\/\/shop_images\/New_Slegna_Logo.gif","logo_width":150,"shop_logo_width_mobile":150,"favicon":"shopify:\/\/shop_images\/3.RED_CHROME_PNG.png","enable_custom_font":false,"custom_font_name_heading":"Heartbit-Bold","custom_font_url_heading":"https:\/\/cdn.shopify.com\/s\/files\/1\/0682\/0393\/8080\/files\/Heartbit-Bold.woff2?v=1679574712","custom_font_name_regular":"Heartbit-Bold","custom_font_url_regular":"https:\/\/cdn.shopify.com\/s\/files\/1\/0682\/0393\/8080\/files\/Heartbit-Bold.woff2?v=1679574712","product_animation":"fade-in","hide_card_price":false,"card_price_text_size":9,"price_position":"center","hide_card_name":false,"card_name_text_size":12,"card_heading_position":"center","hide_card_badge":false,"on_card_glow":true,"card_glow_color":"#ffffff","card_glow_size":10,"on_card_border":false,"on_card_border_hover":false,"card_border_size":1,"card_border_color":"#ffffff","card_border_radius":0,"enable_custom_cursor":false,"cursor_image":"shopify:\/\/shop_images\/New_slegna_logo_2.gif","header_menu_mobile_text_color":"#ffffff","custom_menu_drawer_bg":"#000000","header_icons_color":"#ffffff","header_bubble_color":"#000000","badge_text_color":"#ffffff","badge_bg_color":"#ff0000","site_text_color":"#ffffff","site_button_color":"#ffffff","site_button_bg_color":"#000000","product_checked_pills":"#ffffff","product_checked_pills_text":"#000000","type_header_font":"mono","heading_scale":100,"type_body_font":"oxygen_n7","body_scale":100,"hide_enter-page":false,"page_width":1200,"spacing_sections":0,"spacing_grid_horizontal":8,"spacing_grid_vertical":8,"buttons_border_thickness":1,"buttons_border_opacity":100,"buttons_radius":30,"buttons_shadow_opacity":0,"buttons_shadow_horizontal_offset":0,"buttons_shadow_vertical_offset":4,"buttons_shadow_blur":5,"variant_pills_border_thickness":1,"variant_pills_border_opacity":55,"variant_pills_radius":12,"variant_pills_shadow_opacity":0,"variant_pills_shadow_horizontal_offset":2,"variant_pills_shadow_vertical_offset":4,"variant_pills_shadow_blur":5,"inputs_border_thickness":1,"inputs_border_opacity":55,"inputs_radius":8,"inputs_shadow_opacity":0,"inputs_shadow_horizontal_offset":0,"inputs_shadow_vertical_offset":4,"inputs_shadow_blur":5,"text_boxes_border_thickness":0,"text_boxes_border_opacity":10,"text_boxes_radius":0,"text_boxes_shadow_opacity":0,"text_boxes_shadow_horizontal_offset":0,"text_boxes_shadow_vertical_offset":4,"text_boxes_shadow_blur":5,"media_border_thickness":1,"media_border_opacity":5,"media_radius":0,"media_shadow_opacity":0,"media_shadow_horizontal_offset":0,"media_shadow_vertical_offset":4,"media_shadow_blur":5,"popup_border_thickness":1,"popup_border_opacity":10,"popup_corner_radius":0,"popup_shadow_opacity":0,"popup_shadow_horizontal_offset":0,"popup_shadow_vertical_offset":4,"popup_shadow_blur":5,"drawer_border_thickness":0,"drawer_border_opacity":0,"drawer_shadow_opacity":0,"drawer_shadow_horizontal_offset":0,"drawer_shadow_vertical_offset":4,"drawer_shadow_blur":5,"badge_position":"top right","badge_corner_radius":40,"brand_headline":"","brand_description":"<p><\/p>","brand_image_width":100,"social_facebook_link":"","social_instagram_link":"https:\/\/www.instagram.com\/slegna.network\/?locale=zh_CN","social_youtube_link":"https:\/\/www.youtube.com\/@slegnatv","social_tiktok_link":"https:\/\/www.tiktok.com\/@slegnanetwork?_t=8niXbLJ3at4&_r=1","social_twitter_link":"https:\/\/x.com\/1Slegna","social_snapchat_link":"","social_pinterest_link":"","social_tumblr_link":"","social_vimeo_link":"","predictive_search_enabled":true,"predictive_search_show_vendor":false,"predictive_search_show_price":false,"currency_code_enabled":true,"cart_type":"drawer","show_vendor":false,"show_cart_note":false,"cart_drawer_collection":"","show_music":true,"music_url":"https:\/\/cdn.shopify.com\/s\/files\/1\/0682\/0393\/8080\/files\/Yeat_-_No_more_talk.mp3?v=1681667489","music_btn_color":"#ffffff","card_style":"standard","card_image_padding":0,"card_text_alignment":"left","card_color_scheme":"background-2","card_border_thickness":0,"card_border_opacity":15,"card_corner_radius":0,"card_shadow_opacity":0,"card_shadow_horizontal_offset":0,"card_shadow_vertical_offset":4,"card_shadow_blur":5,"collection_card_style":"standard","collection_card_image_padding":0,"collection_card_text_alignment":"left","collection_card_color_scheme":"background-2","collection_card_border_thickness":0,"collection_card_border_opacity":10,"collection_card_corner_radius":0,"collection_card_shadow_opacity":0,"collection_card_shadow_horizontal_offset":0,"collection_card_shadow_vertical_offset":4,"collection_card_shadow_blur":5,"blog_card_style":"standard","blog_card_image_padding":0,"blog_card_text_alignment":"left","blog_card_color_scheme":"background-2","blog_card_border_thickness":0,"blog_card_border_opacity":10,"blog_card_corner_radius":0,"blog_card_shadow_opacity":0,"blog_card_shadow_horizontal_offset":0,"blog_card_shadow_vertical_offset":4,"blog_card_shadow_blur":5,"sale_badge_color_scheme":"accent-1","sold_out_badge_color_scheme":"inverse","accent_icons":"text","copy_color":"#dcdcdc","colors_solid_button_labels":"#000000","colors_accent_1":"#ffffff","gradient_accent_1":"","colors_accent_2":"#ffffff","gradient_accent_2":"","colors_text":"#ffffff","colors_outline_button_labels":"#ffffff","colors_background_1":"#000000","gradient_background_1":"","colors_background_2":"rgba(0,0,0,0)","gradient_background_2":"","custom_add_to_cart_bg":"#000000","show_disk":true,"audio_file_url":"https:\/\/cdn.shopify.com\/s\/files\/1\/0682\/0393\/8080\/files\/Yeat_-_No_more_talk.mp3?v=1681667489","hide_card_info":true,"custom_font_name":"HeartBit","custom_font_url":"https:\/\/cdn.shopify.com\/s\/files\/1\/0682\/0393\/8080\/files\/Heartbit-Bold.woff2?v=1679574712","sections":{"main-password-header":{"type":"main-password-header","settings":{}},"main-password-footer":{"type":"main-password-footer","settings":{"social_color":"#ffffff"}},"enter-page":{"type":"enter-page","custom_css":[],"settings":{"show_enter_page":true,"show_solid_color_enter":false,"solid_color_enter":"#000000","enter_gradient_color":"","show_video_bg":true,"background_video_url":"https:\/\/cdn.shopify.com\/videos\/c\/o\/v\/c3b73e5b4b6b459d83bed51a138ac9b9.mp4","background_video_url_mobile":"https:\/\/cdn.shopify.com\/videos\/c\/o\/v\/c3b73e5b4b6b459d83bed51a138ac9b9.mp4","video_bg_opacity":100,"logo_float":"left","logo_floating":"none","logoenter_size":60,"logoenter_size_mobile":60,"logo_container_top":3,"logo_container_top_mobile":3,"logo_animation":"scale-in-center","add_date_time":true,"date_time_color":"#ffffff","date_time_size":13,"enable_3D_model":true,"welcome_model":"https:\/\/cdn.shopify.com\/3d\/models\/9130cff56ba789a0\/Fallen_Angels_3D_logo_222.glb","model_sky":"","model_env":"","enable_small_3D_model":false,"model_shadow":0,"model_orby":90,"model_orbx":1,"model_int":true,"auto_rotate":true,"model_auto":true,"enable_zoom":false,"model_ar":true,"ar_bg_color":"#ffffff","ar_txt_color":"#000000","ar_border_color":"rgba(0,0,0,0)","model_glitch":false,"model_glitch_range":3,"model_outline":true,"model_outline_color":"#ffffff","model_outline_range":1,"model_outline_smooth_range":2,"model_pixel":false,"model_pixel_range":4,"model_sshadow":false,"model_ssao_range":2,"model_bloom":false,"model_bloom_strange":1,"model_bloom_thresh":9,"model_bloom_radius":1,"model_bloom_smoothing":9,"home_nav":"main-menu","menu_font_size":22,"enter_menu_space":11,"menu_text_color":"#ffffff","menu_text_transform":"capitalize","show_text_glow":true,"menu_text_glow_color":"#dd1d1d","enable_menu_highlight":true,"menu_highlight_color":"#dd1d1d","show_newsfooter":false,"news_color":"#ffffff","show_enterfooter":true,"icons_color":"#ffffff"}},"websitebg":{"type":"websitebg","settings":{"show_website_bg_color":true,"website_bg_solid_color":"#000000","website_gradient_color":"","show_video_bg_website":false,"background_video_url_website":"https:\/\/cdn.shopify.com\/videos\/c\/o\/v\/eca5e5f385eb4360aa5fe167b1203baa.mp4","background_video_url_website_mobile":"https:\/\/cdn.shopify.com\/videos\/c\/o\/v\/eca5e5f385eb4360aa5fe167b1203baa.mp4"}},"running-text":{"type":"running-text","settings":{"show_runningtext":true,"running_text":"WELCOME TO THE SLEGNA NETWORK STORE","running_textwo":"SHOP OUR LATEST COLLECTION!!!","running_texthree":"","text_color":"#ffffff","background_color":"rgba(0,0,0,0)","runningfont_size":14,"runningfont_transform":"uppercase"}},"collections-filter":{"type":"collections-filter","settings":{"enable_collection_filter":false,"collections_link_size":15,"collections_link_color":"#ffffff","collections_border_color":"#ffffff"}},"pagebg":{"type":"pagebg","settings":{"show_page_bg":false,"show_page_bg_color":true,"page_bg_solid_color":"#000000","page_bg_solid_color_gradient":"radial-gradient(rgba(238, 102, 102, 1), rgba(238, 130, 109, 1) 28.849%, rgba(82, 218, 236, 1) 100%)","show_video_bg_page":false,"background_video_url_page":"https:\/\/cdn.shopify.com\/videos\/c\/o\/v\/46cc18e592864a43a346b8032f38b680.mp4","background_video_url_page_mobile":"https:\/\/cdn.shopify.com\/videos\/c\/o\/v\/46cc18e592864a43a346b8032f38b680.mp4"}},"pageloader":{"type":"pageloader","settings":{"enable_page_loader":false,"page_loader_img":"shopify:\/\/shop_images\/New_slegna_logo_2.gif","page_loader_logo_size":350,"page_loader_color":"#000000"}},"passwordbg":{"type":"passwordbg","settings":{"show_page_bg_color":false,"page_bg_solid_color":"#000000","page_bg_solid_color_gradient":"","show_video_bg_page":true,"background_video_url_page":"https:\/\/cdn.shopify.com\/videos\/c\/o\/v\/7f3fb5eab67740719ef5211605be2aca.mp4","background_video_url_page_mobile":"https:\/\/cdn.shopify.com\/videos\/c\/o\/v\/7f3fb5eab67740719ef5211605be2aca.mp4"}},"pass-text-colors":{"type":"pass-text-colors","settings":{"password_text_color":"#ffffff","sub_button_color":"#000000","sub_button_bg_color":"#bdbdbd"}},"countdowntimer":{"type":"countdowntimer","settings":{"enable_timer":true,"timer_date":"2024-11-03 19:00:00","timer_number_color":"#ffffff","timer_number_size":30,"timer_text_color":"#ffffff","timer_text_size":14}},"audio-player":{"type":"audio-player","settings":{"enable_audio_player":true,"audio_file_url":"https:\/\/cdn.shopify.com\/s\/files\/1\/0651\/6762\/2320\/files\/Juicewrld_-_Want_to_ft._Playboi_Carti_edited_by_bymvrko.mp3?v=1722644304","audio_player_opacity":50,"audio_player_color":"#ffffff"}},"custom-cursor":{"type":"custom-cursor","settings":{}}},"content_for_index":[]},"presets":{"Default":{"logo_width":90,"colors_solid_button_labels":"#ffffff","colors_accent_1":"#121212","gradient_accent_1":"","colors_accent_2":"#334fb4","gradient_accent_2":"","colors_text":"#121212","colors_outline_button_labels":"#121212","colors_background_1":"#ffffff","gradient_background_1":"","colors_background_2":"#f3f3f3","gradient_background_2":"","type_header_font":"assistant_n4","heading_scale":100,"type_body_font":"assistant_n4","body_scale":100,"page_width":1200,"spacing_sections":0,"spacing_grid_horizontal":8,"spacing_grid_vertical":8,"buttons_border_thickness":1,"buttons_border_opacity":100,"buttons_radius":0,"buttons_shadow_opacity":0,"buttons_shadow_horizontal_offset":0,"buttons_shadow_vertical_offset":4,"buttons_shadow_blur":5,"variant_pills_border_thickness":1,"variant_pills_border_opacity":55,"variant_pills_radius":40,"variant_pills_shadow_opacity":0,"variant_pills_shadow_horizontal_offset":0,"variant_pills_shadow_vertical_offset":4,"variant_pills_shadow_blur":5,"inputs_border_thickness":1,"inputs_border_opacity":55,"inputs_radius":0,"inputs_shadow_opacity":0,"inputs_shadow_horizontal_offset":0,"inputs_shadow_vertical_offset":4,"inputs_shadow_blur":5,"card_style":"standard","card_image_padding":0,"card_text_alignment":"left","card_color_scheme":"background-2","card_border_thickness":0,"card_border_opacity":10,"card_corner_radius":0,"card_shadow_opacity":0,"card_shadow_horizontal_offset":0,"card_shadow_vertical_offset":4,"card_shadow_blur":5,"collection_card_style":"standard","collection_card_image_padding":0,"collection_card_text_alignment":"left","collection_card_color_scheme":"background-2","collection_card_border_thickness":0,"collection_card_border_opacity":10,"collection_card_corner_radius":0,"collection_card_shadow_opacity":0,"collection_card_shadow_horizontal_offset":0,"collection_card_shadow_vertical_offset":4,"collection_card_shadow_blur":5,"blog_card_style":"standard","blog_card_image_padding":0,"blog_card_text_alignment":"left","blog_card_color_scheme":"background-2","blog_card_border_thickness":0,"blog_card_border_opacity":10,"blog_card_corner_radius":0,"blog_card_shadow_opacity":0,"blog_card_shadow_horizontal_offset":0,"blog_card_shadow_vertical_offset":4,"blog_card_shadow_blur":5,"text_boxes_border_thickness":0,"text_boxes_border_opacity":10,"text_boxes_radius":0,"text_boxes_shadow_opacity":0,"text_boxes_shadow_horizontal_offset":0,"text_boxes_shadow_vertical_offset":4,"text_boxes_shadow_blur":5,"media_border_thickness":1,"media_border_opacity":5,"media_radius":0,"media_shadow_opacity":0,"media_shadow_horizontal_offset":0,"media_shadow_vertical_offset":4,"media_shadow_blur":5,"popup_border_thickness":1,"popup_border_opacity":10,"popup_corner_radius":0,"popup_shadow_opacity":0,"popup_shadow_horizontal_offset":0,"popup_shadow_vertical_offset":4,"popup_shadow_blur":5,"drawer_border_thickness":1,"drawer_border_opacity":10,"drawer_shadow_opacity":0,"drawer_shadow_horizontal_offset":0,"drawer_shadow_vertical_offset":4,"drawer_shadow_blur":5,"badge_position":"bottom left","badge_corner_radius":40,"sale_badge_color_scheme":"accent-2","sold_out_badge_color_scheme":"inverse","accent_icons":"text","brand_headline":"","brand_description":"<p><\/p>","brand_image_width":100,"social_twitter_link":"","social_facebook_link":"","social_pinterest_link":"","social_instagram_link":"","social_tiktok_link":"","social_tumblr_link":"","social_snapchat_link":"","social_youtube_link":"","social_vimeo_link":"","predictive_search_enabled":true,"predictive_search_show_vendor":false,"predictive_search_show_price":false,"currency_code_enabled":true,"cart_type":"notification","show_vendor":false,"show_cart_note":false,"cart_drawer_collection":"","sections":{"main-password-header":{"type":"main-password-header","settings":{}},"main-password-footer":{"type":"main-password-footer","settings":{"social_color":"#ffffff"}}}}}}