{"current":{"favicon":"shopify:\/\/shop_images\/2024-04-06_06.57.30.png","type_header_font":"archivo_narrow_n7","type_body_font":"helvetica_n3","enable_custom_headings_font":false,"custom_heading_font":"","enable_custom_body_font":false,"custom_body_font":"","product_list-info":"Show","collection-title":"Hide","product_list-pc":"Three","product_list":"Two","body-background":"image","body-background-color":"#ffffff","body-background-image":"shopify:\/\/shop_images\/hd-stone-texture-131613998504.jpg","headings-color":"#ffffff","body-color":"#ffffff","header-menu":"#ffffff","submenu-color":"#000000","submenu-bg":"#ffffff","header-menu-mobile":"#ffffff","header-menu-mobile-background":"#000000","button-color":"#ffffff","button-bg":"#000000","image-switches":"black","product_desc_size_pc":12,"product_desc_line_height_pc":1.4,"product_desc_size_mobile":13,"product_desc_line_height_mobile":1.6,"SITEBYJIRO-copy":true,"JIRO-copy":true,"enable-preloader":false,"pageloader-logo":"shopify:\/\/shop_images\/JIRO_logo2_1.png","pageloader-logo-size":230,"pageloader-logo-size-mobile":120,"enable-header-overlay":false,"header-overlay-logo":"shopify:\/\/shop_images\/Mask_group.png","checkout_accent_color":"#000000","checkout_button_color":"#000000","sections":{"featured-collection":{"type":"featured-collection","settings":{"collection_handle":"","products_per_page":10}},"header":{"type":"header","settings":{"logo":"shopify:\/\/shop_images\/2024-04-06_06.57.30.png","logo-size":100,"logo-size-mobile":100,"menu":"main-menu"}},"footer":{"type":"footer","settings":{"footer_display":"policies","footer_menu":"","nav_size_pc":15,"nav_size_mobile":16}},"related-products":{"type":"related-products","settings":{"related_show":true}}},"content_for_index":[]}}