{"name":"t:sections.header.name","type":"header","sections":{"header":{"type":"header","custom_css":["* {font-size: 14px !important;}","@media screen and (max-width: 1024px) {.header__search, .header-search {display: none; }}",".header__icon--account {display: none;}"],"settings":{"logo_position":"middle-left","firstmenu":"footer","menu":"main-menu","menu_type_desktop":"drawer","sticky_header_type":"always","show_line_separator":true,"color_scheme":"background-1","menu_color_scheme":"background-1","enable_country_selector":false,"enable_language_selector":true,"mobile_logo_position":"center","margin_bottom":0,"padding_top":20,"padding_bottom":20}}},"order":["header"]}