{"layout":"password","sections":{"main":{"type":"password-main","blocks":{"logo_BWT7CD":{"type":"logo","settings":{}},"announcement_qd8ThC":{"type":"announcement","settings":{}},"email_signup_yWRPnk":{"type":"email-signup","settings":{}},"custom_liquid_8Hcmqe":{"type":"custom-liquid","disabled":true,"settings":{"custom_liquid":""}},"password_GqyVmP":{"type":"password","settings":{}}},"block_order":["logo_BWT7CD","announcement_qd8ThC","email_signup_yWRPnk","custom_liquid_8Hcmqe","password_GqyVmP"],"settings":{"logo":"shopify:\/\/shop_images\/IMG_5592.png","logo-size":150,"logo-size-mobile":100,"announcement-text":"JOIN EMAIL LIST FOR EARLY ACCESS","pass-background":"gradient","pass-background-color":"#333333","pass-background-gradient":"linear-gradient(0deg, rgba(51, 51, 51, 1), rgba(51, 51, 51, 1) 49.281%, rgba(51, 51, 51, 1) 59%, rgba(51, 51, 51, 1) 79%, rgba(51, 51, 51, 1) 96%)","margin-top":10,"margin-bottom":15,"pass-text-color":"#ffffff","pass-button-color":"#ffffff","pass-button-bg":"#000000","popup-bg":"#ffffff"}}},"order":["main"]}