{"current":{"favicon_image":"shopify:\/\/shop_images\/3B0962C7-B0C2-4E60-B1A4-5B744473DB02.jpg","type_header_font":"anonymous_pro_n4","heading_scale":100,"type_body_font":"anonymous_pro_n4","body_scale":100,"social_facebook_link":"","social_instagram_link":"https:\/\/www.instagram.com\/clublfj","social_youtube_link":"","social_tiktok_link":"https:\/\/www.tiktok.com\/@clublfj?_t=8nRhDX9Fceh&_r=1","social_twitter_link":"","social_snapchat_link":"","social_pinterest_link":"","social_tumblr_link":"","social_vimeo_link":"","currency_code_enabled":true,"cart_type":"drawer","show_vendor":false,"show_cart_note":false,"cart_drawer_collection":"","card_style":"standard","card_image_padding":0,"card_text_alignment":"left","card_border_thickness":0,"card_border_opacity":10,"card_corner_radius":0,"card_shadow_opacity":0,"card_shadow_horizontal_offset":0,"card_shadow_vertical_offset":4,"card_shadow_blur":5,"collection_card_style":"card","collection_card_image_padding":0,"collection_card_text_alignment":"left","collection_card_border_thickness":0,"collection_card_border_opacity":10,"collection_card_corner_radius":0,"collection_card_shadow_opacity":0,"collection_card_shadow_horizontal_offset":0,"collection_card_shadow_vertical_offset":4,"collection_card_shadow_blur":5,"logo":"shopify:\/\/shop_images\/fkslogooffcl.png","logo_width":90,"page_width":1200,"spacing_sections":0,"spacing_grid_horizontal":8,"spacing_grid_vertical":8,"buttons_border_thickness":1,"buttons_border_opacity":100,"buttons_radius":0,"buttons_shadow_opacity":0,"buttons_shadow_horizontal_offset":0,"buttons_shadow_vertical_offset":4,"buttons_shadow_blur":5,"variant_pills_border_thickness":1,"variant_pills_border_opacity":55,"variant_pills_radius":40,"variant_pills_shadow_opacity":0,"variant_pills_shadow_horizontal_offset":0,"variant_pills_shadow_vertical_offset":4,"variant_pills_shadow_blur":5,"inputs_border_thickness":1,"inputs_border_opacity":55,"inputs_radius":0,"inputs_shadow_opacity":0,"inputs_shadow_horizontal_offset":0,"inputs_shadow_vertical_offset":4,"inputs_shadow_blur":5,"card_color_scheme":"background-2","collection_card_color_scheme":"background-2","blog_card_style":"standard","blog_card_image_padding":0,"blog_card_text_alignment":"left","blog_card_color_scheme":"background-2","blog_card_border_thickness":0,"blog_card_border_opacity":10,"blog_card_corner_radius":0,"blog_card_shadow_opacity":0,"blog_card_shadow_horizontal_offset":0,"blog_card_shadow_vertical_offset":4,"blog_card_shadow_blur":5,"text_boxes_border_thickness":0,"text_boxes_border_opacity":10,"text_boxes_radius":0,"text_boxes_shadow_opacity":0,"text_boxes_shadow_horizontal_offset":0,"text_boxes_shadow_vertical_offset":4,"text_boxes_shadow_blur":5,"media_border_thickness":1,"media_border_opacity":5,"media_radius":0,"media_shadow_opacity":0,"media_shadow_horizontal_offset":0,"media_shadow_vertical_offset":4,"media_shadow_blur":5,"popup_border_thickness":1,"popup_border_opacity":10,"popup_corner_radius":0,"popup_shadow_opacity":5,"popup_shadow_horizontal_offset":0,"popup_shadow_vertical_offset":4,"popup_shadow_blur":5,"drawer_border_thickness":1,"drawer_border_opacity":10,"drawer_shadow_opacity":0,"drawer_shadow_horizontal_offset":0,"drawer_shadow_vertical_offset":4,"drawer_shadow_blur":5,"badge_position":"bottom left","badge_corner_radius":40,"sale_badge_color_scheme":"accent-2","sold_out_badge_color_scheme":"inverse","predictive_search_enabled":true,"predictive_search_show_vendor":false,"predictive_search_show_price":false,"sections":{"main-password":{"type":"main-password","custom_css":[".countdown-timer {display: none;}"],"settings":{"col":"white","bg_v":"https:\/\/cdn.shopify.com\/videos\/c\/o\/v\/4836ea0fd21e4d91adc54543ea8d3548.mp4","bg_v_m":"https:\/\/cdn.shopify.com\/videos\/c\/o\/v\/4836ea0fd21e4d91adc54543ea8d3548.mp4","logo_width":300,"count":"2024-12-19 19:00:00","title":"Join Waitlist"}},"main-homepage":{"type":"main-homepage","custom_css":["p#datetime {margin: 0;}",".menu-container {margin-top: 0;}",".home__footer {margin-top: 0;}"],"settings":{"col":"black","bg_v":"","bg_v_m":"","logo":"shopify:\/\/shop_images\/3B0962C7-B0C2-4E60-B1A4-5B744473DB02.jpg","logo_width":300,"menu":"main-menu"}},"header":{"type":"header","settings":{"logo":"shopify:\/\/shop_images\/3B0962C7-B0C2-4E60-B1A4-5B744473DB02.jpg","logo_width":300,"logo_position":"middle-center","menu":"main-menu","menu_type_desktop":"dropdown","sticky_header_type":"none","show_line_separator":false,"enable_country_selector":false,"enable_language_selector":false,"mobile_logo_position":"center","margin_bottom":0,"padding_top":20,"padding_bottom":4}},"main-collection-product-grid":{"type":"main-collection-product-grid","custom_css":[".card__heading a:after {z-index: 0;}"],"settings":{"menu":"","col":"black","bg_v":"","bg_v_m":"","products_per_page":20,"products_per_column":3,"mproducts_per_column":2,"image_ratio":"square","image_shape":"default","show_secondary_image":false,"show_vendor":false,"show_rating":false,"enable_quick_add":false,"enable_filtering":false,"filter_type":"horizontal","enable_sorting":false,"columns_mobile":"2","padding_top":36,"padding_bottom":36}},"footer":{"type":"footer","custom_css":[],"settings":{"newsletter_enable":true,"newsletter_heading":"<strong>Join the Club and receive 10% off your order!<\/strong>","enable_follow_on_shop":true,"show_social":true,"enable_country_selector":true,"enable_language_selector":false,"payment_enable":true,"show_policy":true,"margin_top":0,"padding_top":36,"padding_bottom":36}},"main-product":{"type":"main-product","blocks":{"6ade7e17-59d8-4508-8150-3ea17232ee04":{"type":"title","settings":{}},"6697521b-cbed-4388-a528-1ecf742ad767":{"type":"price","settings":{}},"42a9c1c0-4a09-478c-90bb-d0c4d41e1215":{"type":"variant_picker","settings":{"picker_type":"dropdown"}},"67728f70-7ed9-44d7-ac55-b4799894809b":{"type":"buy_buttons","settings":{"show_dynamic_checkout":true,"show_gift_card_recipient":false}},"dfa9eee0-3e1e-4c63-b259-64ba5210e924":{"type":"description","settings":{}}},"block_order":["6ade7e17-59d8-4508-8150-3ea17232ee04","6697521b-cbed-4388-a528-1ecf742ad767","42a9c1c0-4a09-478c-90bb-d0c4d41e1215","67728f70-7ed9-44d7-ac55-b4799894809b","dfa9eee0-3e1e-4c63-b259-64ba5210e924"],"settings":{"col":"white","bg_v":"https:\/\/cdn.shopify.com\/videos\/c\/o\/v\/f4f2da3aa1ba4248b83a912d6995632a.mov","bg_v_m":"https:\/\/cdn.shopify.com\/videos\/c\/o\/v\/f4f2da3aa1ba4248b83a912d6995632a.mov","enable_sticky_info":false,"media_size":"medium","constrain_to_viewport":true,"media_fit":"contain","gallery_layout":"thumbnail_slider","media_position":"left","image_zoom":"none","mobile_thumbnails":"show","hide_variants":false,"enable_video_looping":false,"padding_top":36,"padding_bottom":36}},"contact-form":{"type":"contact-form","custom_css":["form#ContactForm {display: none !important;}"],"settings":{"col":"black","bg_v":"","bg_v_m":"","heading":"Inquires? Email us. clublfjservice@gmail.com","heading_size":"h2","padding_top":36,"padding_bottom":36}},"main-lookbook":{"type":"main-lookbook","settings":{"col":"black","bg_v":"https:\/\/cdn.shopify.com\/videos\/c\/o\/v\/58264d881bcd4f868679da226d97bbeb.mov","bg_v_m":"https:\/\/cdn.shopify.com\/videos\/c\/o\/v\/58264d881bcd4f868679da226d97bbeb.mov","padding_top":36,"padding_bottom":36}}},"content_for_index":[]},"presets":{"Default":{"logo_width":90,"type_header_font":"assistant_n4","heading_scale":100,"type_body_font":"assistant_n4","body_scale":100,"page_width":1200,"spacing_sections":0,"spacing_grid_horizontal":8,"spacing_grid_vertical":8,"buttons_border_thickness":1,"buttons_border_opacity":100,"buttons_radius":0,"buttons_shadow_opacity":0,"buttons_shadow_horizontal_offset":0,"buttons_shadow_vertical_offset":4,"buttons_shadow_blur":5,"variant_pills_border_thickness":1,"variant_pills_border_opacity":55,"variant_pills_radius":40,"variant_pills_shadow_opacity":0,"variant_pills_shadow_horizontal_offset":0,"variant_pills_shadow_vertical_offset":4,"variant_pills_shadow_blur":5,"inputs_border_thickness":1,"inputs_border_opacity":55,"inputs_radius":0,"inputs_shadow_opacity":0,"inputs_shadow_horizontal_offset":0,"inputs_shadow_vertical_offset":4,"inputs_shadow_blur":5,"card_style":"standard","card_image_padding":0,"card_text_alignment":"left","card_color_scheme":"background-2","card_border_thickness":0,"card_border_opacity":10,"card_corner_radius":0,"card_shadow_opacity":0,"card_shadow_horizontal_offset":0,"card_shadow_vertical_offset":4,"card_shadow_blur":5,"collection_card_style":"standard","collection_card_image_padding":0,"collection_card_text_alignment":"left","collection_card_color_scheme":"background-2","collection_card_border_thickness":0,"collection_card_border_opacity":10,"collection_card_corner_radius":0,"collection_card_shadow_opacity":0,"collection_card_shadow_horizontal_offset":0,"collection_card_shadow_vertical_offset":4,"collection_card_shadow_blur":5,"blog_card_style":"standard","blog_card_image_padding":0,"blog_card_text_alignment":"left","blog_card_color_scheme":"background-2","blog_card_border_thickness":0,"blog_card_border_opacity":10,"blog_card_corner_radius":0,"blog_card_shadow_opacity":0,"blog_card_shadow_horizontal_offset":0,"blog_card_shadow_vertical_offset":4,"blog_card_shadow_blur":5,"text_boxes_border_thickness":0,"text_boxes_border_opacity":10,"text_boxes_radius":0,"text_boxes_shadow_opacity":0,"text_boxes_shadow_horizontal_offset":0,"text_boxes_shadow_vertical_offset":4,"text_boxes_shadow_blur":5,"media_border_thickness":1,"media_border_opacity":5,"media_radius":0,"media_shadow_opacity":0,"media_shadow_horizontal_offset":0,"media_shadow_vertical_offset":4,"media_shadow_blur":5,"popup_border_thickness":1,"popup_border_opacity":10,"popup_corner_radius":0,"popup_shadow_opacity":5,"popup_shadow_horizontal_offset":0,"popup_shadow_vertical_offset":4,"popup_shadow_blur":5,"drawer_border_thickness":1,"drawer_border_opacity":10,"drawer_shadow_opacity":0,"drawer_shadow_horizontal_offset":0,"drawer_shadow_vertical_offset":4,"drawer_shadow_blur":5,"badge_position":"bottom left","badge_corner_radius":40,"sale_badge_color_scheme":"accent-2","sold_out_badge_color_scheme":"inverse","social_twitter_link":"","social_facebook_link":"","social_pinterest_link":"","social_instagram_link":"","social_tiktok_link":"","social_tumblr_link":"","social_snapchat_link":"","social_youtube_link":"","social_vimeo_link":"","predictive_search_enabled":true,"predictive_search_show_vendor":false,"predictive_search_show_price":false,"currency_code_enabled":true,"cart_type":"notification","show_vendor":false,"show_cart_note":false,"cart_drawer_collection":""}}}