[
  {
    "name": "theme_info",
    "theme_name": "Simple",
    "theme_author": "Shopify",
    "theme_version": "12.2.0",
    "theme_documentation_url": "https:\/\/help.shopify.com\/manual\/using-themes\/sections",
    "theme_support_url": "https:\/\/support.shopify.com\/"
  },
  {
    "name": {
      "cs": "Barvy",
      "da": "Farver",
      "de": "Farben",
      "en": "Colors",
      "es": "Colores",
      "fi": "Värit",
      "fr": "Couleurs",
      "it": "Colori",
      "ja": "色",
      "ko": "색상",
      "nb": "Farger",
      "nl": "Kleuren",
      "pl": "Kolory",
      "pt-BR": "Cores",
      "pt-PT": "Cores",
      "sv": "Färger",
      "th": "สี",
      "tr": "Renkler",
      "vi": "Màu",
      "zh-CN": "颜色",
      "zh-TW": "色彩"
    },
    "settings": [
      {
        "type": "color",
        "id": "color_body_bg",
        "label": {
          "cs": "Pozadí",
          "da": "Baggrund",
          "de": "Hintergrund",
          "en": "Background",
          "es": "Fondo",
          "fi": "Tausta",
          "fr": "Arrière-plan",
          "it": "Sfondo",
          "ja": "背景",
          "ko": "배경",
          "nb": "Bakgrunn",
          "nl": "Achtergrond",
          "pl": "Tło",
          "pt-BR": "Plano de fundo",
          "pt-PT": "Fundo",
          "sv": "Bakgrund",
          "th": "พื้นหลัง",
          "tr": "Arka plan",
          "vi": "Nền",
          "zh-CN": "背景",
          "zh-TW": "背景"
        },
        "default": "#ffffff"
      },
      {
        "type": "color",
        "id": "color_body_text",
        "label": {
          "cs": "Text",
          "da": "Tekst",
          "de": "Text",
          "en": "Text",
          "es": "Texto",
          "fi": "Teksti",
          "fr": "Texte",
          "it": "Testo",
          "ja": "テキスト",
          "ko": "텍스트",
          "nb": "Tekst",
          "nl": "Tekst",
          "pl": "Tekst",
          "pt-BR": "Texto",
          "pt-PT": "Texto",
          "sv": "Text",
          "th": "ข้อความ",
          "tr": "Metin",
          "vi": "Văn bản",
          "zh-CN": "文本",
          "zh-TW": "文字"
        },
        "default": "#000000"
      },
      {
        "type": "color",
        "id": "color_primary_color",
        "label": {
          "cs": "Pozadí odkazů a primárního tlačítka",
          "da": "Baggrund for links og den primære knap",
          "de": "Links und Hintergrund primäre Schaltflächen",
          "en": "Links and primary button background",
          "es": "Enlaces y fondo de botón principal",
          "fi": "Linkkien ja ensisijaisen painikkeen tausta",
          "fr": "Liens et arrière-plan du bouton principal",
          "it": "Sfondo link e pulsante primario",
          "ja": "リンクとプライマリボタンの背景",
          "ko": "링크 및 기본 버튼 배경",
          "nb": "Bakgrunn for koblinger og primærknapp",
          "nl": "Achtergrond van links en primaire knop",
          "pl": "Tło linków i głównego przycisku",
          "pt-BR": "Links e fundo do botão principal",
          "pt-PT": "Fundo do botão principal e ligações",
          "sv": "Länkar och primär knappbakgrund",
          "th": "ลิงก์และพื้นหลังของปุ่มหลัก",
          "tr": "Bağlantılar ve birincil düğme arka planı",
          "vi": "Liên kết và nền nút chính",
          "zh-CN": "链接和主按钮背景",
          "zh-TW": "連結與主要按鈕背景"
        },
        "default": "#000000",
        "info": {
          "cs": "Odkazy pro zobrazení košíku, zaplacení a základní text",
          "da": "Se links til indkøbskurv, betaling og brødtekst",
          "de": "Anzeigen von Warenkorb, Checkout und Textlinks",
          "en": "View cart, Check out, and body text links",
          "es": "Ver carrito, pantalla de pago y enlaces del cuerpo del texto",
          "fi": "Näytä ostoskori-, Maksu kassalle- ja Leipäteksti-linkit",
          "fr": "Afficher le panier, le lien et les liens du corps du texte",
          "it": "Visualizza link di carrello, check-out e corpo del testo",
          "ja": "カート、チェックアウト、本文リンクを表示する",
          "ko": "카트, 결제 및 본문 링크 보기",
          "nb": "Koblinger til Vis handlekurv, Gå til kassen og brødtekst",
          "nl": "Links van winkelwagen, afrekenen en hoofdtekst weergeven",
          "pl": "Wyświetl linki do koszyka, realizacji zakupu i tekstu podstawowego",
          "pt-BR": "Visualizar carrinho, finalização da compra e links de texto do corpo",
          "pt-PT": "Ver carrinho, finalização da compra e ligações de texto do corpo",
          "sv": "Visa varukorg, kassa och brödtextlänkar",
          "th": "แสดงตะกร้าสินค้า การชำระเงิน และลิงก์ข้อความเนื้อหา",
          "tr": "Sepeti görüntüle, Ödeme, gövde metni bağlantıları",
          "vi": "Xem liên kết giỏ hàng, Thanh toán và văn bản nội dung",
          "zh-CN": "查看购物车、结账和正文文本链接",
          "zh-TW": "查看購物車、結帳與內文連結"
        }
      },
      {
        "type": "color",
        "id": "color_primary_button_text",
        "label": {
          "cs": "Text primárního tlačítka",
          "da": "Knaptekst for primær knap",
          "de": "Text primäre Schaltflächen",
          "en": "Primary button text",
          "es": "Texto del botón primario",
          "fi": "Ensisijaisen painikkeen teksti",
          "fr": "Texte du bouton principal",
          "it": "Testo pulsante primario",
          "ja": "プライマリボタンのテキスト",
          "ko": "기본 버튼 텍스트",
          "nb": "Tekst for primærknapp",
          "nl": "Tekst van primaire knop",
          "pl": "Tekst głównego przycisku",
          "pt-BR": "Texto do botão primário",
          "pt-PT": "Texto do botão principal",
          "sv": "Primär knapptext",
          "th": "ข้อความปุ่มหลัก",
          "tr": "Birincil düğme metni",
          "vi": "Chữ trên nút chính",
          "zh-CN": "主按钮文本",
          "zh-TW": "主要按鈕文字"
        },
        "default": "#000000"
      },
      {
        "type": "color",
        "id": "color_sale_badge",
        "label": {
          "cs": "Štítky označující slevu",
          "da": "Salgstags",
          "de": "Angebots-Tags",
          "en": "Sale tags",
          "es": "Etiquetas de venta",
          "fi": "Alennusmyyntitunnisteet",
          "fr": "Balises de réduction",
          "it": "Tag offerta",
          "ja": "販売タグ",
          "ko": "판매 태그",
          "nb": "Salgstagger",
          "nl": "Verkoop-tags",
          "pl": "Tagi wyprzedaży",
          "pt-BR": "Tags de venda",
          "pt-PT": "Etiquetas de venda",
          "sv": "Reataggar",
          "th": "แถบป้ายแสดงการลดราคา",
          "tr": "İndirim etiketleri",
          "vi": "Thẻ giảm giá",
          "zh-CN": "销售标签",
          "zh-TW": "銷售標籤"
        },
        "default": "#000000"
      },
      {
        "type": "color",
        "id": "color_borders",
        "label": {
          "cs": "Ohraničení a čáry",
          "da": "Kanter og beskæringer",
          "de": "Rahmen und Linien",
          "en": "Borders and lines",
          "es": "Bordes y líneas",
          "fi": "Rajat ja viivat",
          "fr": "Bordures et lignes",
          "it": "Bordi e linee",
          "ja": "罫線と線",
          "ko": "테두리 및 라인",
          "nb": "Border og linjer",
          "nl": "Randen en lijnen",
          "pl": "Obramowania i linie",
          "pt-BR": "Bordas e linhas",
          "pt-PT": "Limites e linhas",
          "sv": "Gränser och linjer",
          "th": "เส้นขอบและบรรทัด",
          "tr": "Kenarlıklar ve çizgiler",
          "vi": "Đường viền và đường kẻ",
          "zh-CN": "边框和线条",
          "zh-TW": "邊框和線條"
        },
        "default": "#eceff1"
      },
      {
        "type": "color",
        "id": "color_form",
        "label": {
          "cs": "Pozadí pole formuláře",
          "da": "Baggrund for formularfelt",
          "de": "Hintergrund Formularfelder",
          "en": "Form field background",
          "es": "Fondo de campo de formulario",
          "fi": "Lomakekentän tausta",
          "fr": "Fond de champ de formulaire",
          "it": "Sfondo campo modulo",
          "ja": "フォームフィールドの背景",
          "ko": "양식 필드 배경",
          "nb": "Bakgrunn for skjemafelt",
          "nl": "Achtergrond van formulierveld",
          "pl": "Tło pola formularza",
          "pt-BR": "Fundo de campo de formulário",
          "pt-PT": "Fundo de campo de formulário",
          "sv": "Formulärfält bakgrund",
          "th": "พื้นหลังของช่องแบบฟอร์ม",
          "tr": "Form alanı arka planı",
          "vi": "Nền trường biểu mẫu",
          "zh-CN": "表格字段背景",
          "zh-TW": "表單欄位背景"
        },
        "default": "#f4f4f4"
      },
      {
        "type": "header",
        "content": {
          "cs": "Překryvy obrázku",
          "da": "Overlejring af billeder",
          "de": "Bildüberlagerungen",
          "en": "Image overlays",
          "es": "Superposiciones de imágenes",
          "fi": "Kuvan peitto",
          "fr": "Superpositions d'images",
          "it": "Sovrapposizioni di immagine",
          "ja": "画像のオーバーレイ",
          "ko": "이미지 오버레이",
          "nb": "Bildeoverlegg",
          "nl": "Afbeelding-overlays",
          "pl": "Nakładki obrazu",
          "pt-BR": "Sobreposições de imagens",
          "pt-PT": "Sobreposições de imagens",
          "sv": "Bildöverlagring",
          "th": "การวางซ้อนรูปภาพ",
          "tr": "Görsel yer paylaşımları",
          "vi": "Lớp phủ hình ảnh",
          "zh-CN": "图片叠加",
          "zh-TW": "圖片疊加層"
        }
      },
      {
        "type": "color",
        "id": "color_image_overlay_text",
        "label": {
          "cs": "Text",
          "da": "Tekst",
          "de": "Text",
          "en": "Text",
          "es": "Texto",
          "fi": "Teksti",
          "fr": "Texte",
          "it": "Testo",
          "ja": "テキスト",
          "ko": "텍스트",
          "nb": "Tekst",
          "nl": "Tekst",
          "pl": "Tekst",
          "pt-BR": "Texto",
          "pt-PT": "Texto",
          "sv": "Text",
          "th": "ข้อความ",
          "tr": "Metin",
          "vi": "Văn bản",
          "zh-CN": "文本",
          "zh-TW": "文字"
        },
        "default": "#fff"
      },
      {
        "type": "color",
        "id": "color_image_overlay",
        "label": {
          "cs": "Pozadí",
          "da": "Baggrund",
          "de": "Hintergrund",
          "en": "Background",
          "es": "Fondo",
          "fi": "Tausta",
          "fr": "Arrière-plan",
          "it": "Sfondo",
          "ja": "背景",
          "ko": "배경",
          "nb": "Bakgrunn",
          "nl": "Achtergrond",
          "pl": "Tło",
          "pt-BR": "Plano de fundo",
          "pt-PT": "Fundo",
          "sv": "Bakgrund",
          "th": "พื้นหลัง",
          "tr": "Arka plan",
          "vi": "Nền",
          "zh-CN": "背景",
          "zh-TW": "背景"
        },
        "default": "#3d4246"
      },
      {
        "type": "range",
        "id": "image_overlay_opacity",
        "label": {
          "cs": "Neprůhlednost",
          "da": "Uigennemsigtighed",
          "de": "Opazität",
          "en": "Opacity",
          "es": "Opacidad",
          "fi": "Sameus",
          "fr": "Opacité",
          "it": "Opacità",
          "ja": "不透過率",
          "ko": "불투명도",
          "nb": "Gjennomsiktighet",
          "nl": "Doorschijnendheid",
          "pl": "Nieprzezroczystość",
          "pt-BR": "Opacidade",
          "pt-PT": "Opacidade",
          "sv": "Opacitet",
          "th": "ความทึบ",
          "tr": "Opaklık",
          "vi": "Độ chắn sáng",
          "zh-CN": "不透明度",
          "zh-TW": "透明度"
        },
        "min": 0,
        "max": 100,
        "step": 1,
        "unit": {
          "cs": "%",
          "da": "%",
          "de": "%",
          "en": "%",
          "es": "%",
          "fi": "%",
          "fr": "%",
          "it": "%",
          "ja": "%",
          "ko": "%",
          "nb": "%",
          "nl": "%",
          "pl": "%",
          "pt-BR": "%",
          "pt-PT": "%",
          "sv": "%",
          "th": "%",
          "tr": "%",
          "vi": "%",
          "zh-CN": "%",
          "zh-TW": "%"
        },
        "default": 25
      }
    ]
  },
  {
    "name": {
      "cs": "Typografie",
      "da": "Typografi",
      "de": "Typografie",
      "en": "Typography",
      "es": "Tipografía",
      "fi": "Typografia",
      "fr": "Typographie",
      "it": "Caratteri tipografici",
      "ja": "文字体裁",
      "ko": "입력 체계",
      "nb": "Typografi",
      "nl": "Typografie",
      "pl": "Typografia",
      "pt-BR": "Tipografia",
      "pt-PT": "Tipografia",
      "sv": "Typografi",
      "th": "ตัวพิมพ์",
      "tr": "Tipografi",
      "vi": "Kiểu chữ",
      "zh-CN": "版式",
      "zh-TW": "印刷樣式"
    },
    "settings": [
      {
        "type": "header",
        "content": {
          "cs": "Nadpisy",
          "da": "Overskrifter",
          "de": "Überschriften",
          "en": "Headings",
          "es": "Títulos",
          "fi": "Otsikot",
          "fr": "Titres",
          "it": "Titoli",
          "ja": "見出し",
          "ko": "제목",
          "nb": "Overskrifter",
          "nl": "Kopteksten",
          "pl": "Nagłówki",
          "pt-BR": "Títulos",
          "pt-PT": "Títulos",
          "sv": "Rubriker",
          "th": "ส่วนหัว",
          "tr": "Başlıklar",
          "vi": "Tiêu đề",
          "zh-CN": "标题",
          "zh-TW": "標題"
        }
      },
      {
        "type": "font_picker",
        "id": "type_header_font",
        "label": {
          "cs": "Písmo",
          "da": "Skrifttype",
          "de": "Schriftart",
          "en": "Font",
          "es": "Fuente",
          "fi": "Fontti",
          "fr": "Police",
          "it": "Font",
          "ja": "フォント",
          "ko": "글꼴",
          "nb": "Skrifttype",
          "nl": "Lettertype",
          "pl": "Czcionka",
          "pt-BR": "Fonte",
          "pt-PT": "Tipo de letra",
          "sv": "Typsnitt",
          "th": "แบบอักษร",
          "tr": "Yazı tipi",
          "vi": "Phông chữ",
          "zh-CN": "字体",
          "zh-TW": "字型"
        },
        "default": "times_new_roman_n4"
      },
      {
        "type": "select",
        "id": "type_header_base_size",
        "label": {
          "cs": "Základní velikost",
          "da": "Basisstørrelse",
          "de": "Basisgröße",
          "en": "Base size",
          "es": "Tamaño de base",
          "fi": "Peruskoko",
          "fr": "Taille de base",
          "it": "Dimensione base",
          "ja": "基本サイズ",
          "ko": "기본 사이즈",
          "nb": "Grunnstørrelse",
          "nl": "Basisafmeting",
          "pl": "Rozmiar podstawowy",
          "pt-BR": "Tamanho básico",
          "pt-PT": "Tamanho básico",
          "sv": "Basstorlek",
          "th": "ขนาดพื้นฐาน",
          "tr": "Temel boyutu",
          "vi": "Cỡ cơ sở",
          "zh-CN": "基本尺寸",
          "zh-TW": "基本尺寸"
        },
        "options": [
          {
            "value": "20px",
            "label": {
              "cs": "20 px",
              "da": "20 px",
              "de": "20px",
              "en": "20px",
              "es": "20px",
              "fi": "20 pikseliä",
              "fr": "20 px",
              "it": "20 px",
              "ja": "20ピクセル",
              "ko": "20픽셀",
              "nb": "20px",
              "nl": "20px",
              "pl": "20 px",
              "pt-BR": "20px",
              "pt-PT": "20 px",
              "sv": "20 px",
              "th": "20 พิกเซล",
              "tr": "20 piksel",
              "vi": "20px",
              "zh-CN": "20 px",
              "zh-TW": "20 像素"
            }
          },
          {
            "value": "21px",
            "label": {
              "cs": "21 px",
              "da": "21 px",
              "de": "21px",
              "en": "21px",
              "es": "21px",
              "fi": "21 pikseliä",
              "fr": "21 px",
              "it": "21 px",
              "ja": "21ピクセル",
              "ko": "21픽셀",
              "nb": "21px",
              "nl": "21px",
              "pl": "21 px",
              "pt-BR": "21px",
              "pt-PT": "21 px",
              "sv": "21 px",
              "th": "21 พิกเซล",
              "tr": "21 piksel",
              "vi": "21px",
              "zh-CN": "21 px",
              "zh-TW": "21 像素"
            }
          },
          {
            "value": "22px",
            "label": {
              "cs": "22 px",
              "da": "22 px",
              "de": "22px",
              "en": "22px",
              "es": "22px",
              "fi": "22 pikseliä",
              "fr": "22 px",
              "it": "22 px",
              "ja": "22ピクセル",
              "ko": "22픽셀",
              "nb": "22px",
              "nl": "22px",
              "pl": "22 px",
              "pt-BR": "22px",
              "pt-PT": "22 px",
              "sv": "22 px",
              "th": "22 พิกเซล",
              "tr": "22 piksel",
              "vi": "22px",
              "zh-CN": "22 px",
              "zh-TW": "22 像素"
            }
          },
          {
            "value": "23px",
            "label": {
              "cs": "23 px",
              "da": "23 px",
              "de": "23px",
              "en": "23px",
              "es": "23px",
              "fi": "23 pikseliä",
              "fr": "23 px",
              "it": "23 px",
              "ja": "23ピクセル",
              "ko": "23픽셀",
              "nb": "23px",
              "nl": "23px",
              "pl": "23 px",
              "pt-BR": "23px",
              "pt-PT": "23 px",
              "sv": "23 px",
              "th": "23 พิกเซล",
              "tr": "23 piksel",
              "vi": "23px",
              "zh-CN": "23 px",
              "zh-TW": "23 像素"
            }
          },
          {
            "value": "24px",
            "label": {
              "cs": "24 px",
              "da": "24 px",
              "de": "24px",
              "en": "24px",
              "es": "24px",
              "fi": "24 pikseliä",
              "fr": "24 px",
              "it": "24 px",
              "ja": "24ピクセル",
              "ko": "24픽셀",
              "nb": "24px",
              "nl": "24px",
              "pl": "24 px",
              "pt-BR": "24px",
              "pt-PT": "24 px",
              "sv": "24 px",
              "th": "24 พิกเซล",
              "tr": "24 piksel",
              "vi": "24px",
              "zh-CN": "24 px",
              "zh-TW": "24 像素"
            }
          },
          {
            "value": "25px",
            "label": {
              "cs": "25 px",
              "da": "25 px",
              "de": "25px",
              "en": "25px",
              "es": "25px",
              "fi": "25 pikseliä",
              "fr": "25 px",
              "it": "25 px",
              "ja": "25ピクセル",
              "ko": "25픽셀",
              "nb": "25px",
              "nl": "25px",
              "pl": "25 px",
              "pt-BR": "25px",
              "pt-PT": "25 px",
              "sv": "25 px",
              "th": "25 พิกเซล",
              "tr": "25 piksel",
              "vi": "25px",
              "zh-CN": "25 px",
              "zh-TW": "25 像素"
            }
          },
          {
            "value": "26px",
            "label": {
              "cs": "26 px",
              "da": "26 px",
              "de": "26px",
              "en": "26px",
              "es": "26px",
              "fi": "26 pikseliä",
              "fr": "26 px",
              "it": "26 px",
              "ja": "26ピクセル",
              "ko": "26픽셀",
              "nb": "26px",
              "nl": "26px",
              "pl": "25 px",
              "pt-BR": "26px",
              "pt-PT": "26 px",
              "sv": "26 px",
              "th": "26px",
              "tr": "26 piksel",
              "vi": "26px",
              "zh-CN": "26 px",
              "zh-TW": "26 像素"
            }
          },
          {
            "value": "27px",
            "label": {
              "cs": "27 px",
              "da": "27 px",
              "de": "27px",
              "en": "27px",
              "es": "27px",
              "fi": "27 pikseliä",
              "fr": "27 px",
              "it": "27 px",
              "ja": "27ピクセル",
              "ko": "27픽셀",
              "nb": "27px",
              "nl": "27px",
              "pl": "27 px",
              "pt-BR": "27px",
              "pt-PT": "27 px",
              "sv": "27 px",
              "th": "27 พิกเซล",
              "tr": "27 piksel",
              "vi": "27px",
              "zh-CN": "27 px",
              "zh-TW": "27 像素"
            }
          },
          {
            "value": "28px",
            "label": {
              "cs": "28 px",
              "da": "28 px",
              "de": "28px",
              "en": "28px",
              "es": "28px",
              "fi": "28 pikseliä",
              "fr": "28 px",
              "it": "28 px",
              "ja": "28ピクセル",
              "ko": "28픽셀",
              "nb": "28px",
              "nl": "28px",
              "pl": "28 px",
              "pt-BR": "28px",
              "pt-PT": "28 px",
              "sv": "28 px",
              "th": "28px",
              "tr": "28 piksel",
              "vi": "28px",
              "zh-CN": "28 px",
              "zh-TW": "28 像素"
            }
          },
          {
            "value": "29px",
            "label": {
              "cs": "29 px",
              "da": "29 px",
              "de": "29px",
              "en": "29px",
              "es": "29px",
              "fi": "29 piks.",
              "fr": "29 px",
              "it": "29 px",
              "ja": "29ピクセル",
              "ko": "29픽셀",
              "nb": "29 piksler",
              "nl": "29px",
              "pl": "29 px",
              "pt-BR": "29px",
              "pt-PT": "29px",
              "sv": "29px",
              "th": "29px",
              "tr": "29 piksel",
              "vi": "29px",
              "zh-CN": "29 px",
              "zh-TW": "29 像素"
            }
          },
          {
            "value": "30px",
            "label": {
              "cs": "30 px",
              "da": "30 px",
              "de": "30px",
              "en": "30px",
              "es": "30px",
              "fi": "30 px",
              "fr": "30 px",
              "it": "30 px",
              "ja": "30ピクセル",
              "ko": "30픽셀",
              "nb": "30 piksler",
              "nl": "30px",
              "pl": "30 px",
              "pt-BR": "30px",
              "pt-PT": "30 px",
              "sv": "30 px",
              "th": "30px",
              "tr": "30 piksel",
              "vi": "30px",
              "zh-CN": "30 PX",
              "zh-TW": "30 像素"
            }
          },
          {
            "value": "31px",
            "label": {
              "cs": "31 px",
              "da": "31 px",
              "de": "31px",
              "en": "31px",
              "es": "31px",
              "fi": "31 piks.",
              "fr": "31 px",
              "it": "31 px",
              "ja": "31ピクセル",
              "ko": "31픽셀",
              "nb": "31 piksler",
              "nl": "31px",
              "pl": "31 px",
              "pt-BR": "31px",
              "pt-PT": "31px",
              "sv": "31px",
              "th": "31px",
              "tr": "31 piksel",
              "vi": "31px",
              "zh-CN": "31 px",
              "zh-TW": "31 像素"
            }
          },
          {
            "value": "32px",
            "label": {
              "cs": "32 px",
              "da": "32 px",
              "de": "32px",
              "en": "32px",
              "es": "32px",
              "fi": "32 px",
              "fr": "32 px",
              "it": "32 px",
              "ja": "32ピクセル",
              "ko": "32픽셀",
              "nb": "32 piksler",
              "nl": "32px",
              "pl": "32 px",
              "pt-BR": "32px",
              "pt-PT": "32 px",
              "sv": "32 px",
              "th": "32px",
              "tr": "32 piksel",
              "vi": "32px",
              "zh-CN": "32 PX",
              "zh-TW": "32 像素"
            }
          }
        ]
      },
      {
        "type": "header",
        "content": {
          "cs": "Základní text",
          "da": "Brødtekst",
          "de": "Fließtext",
          "en": "Body text",
          "es": "Texto del cuerpo",
          "fi": "Leipäteksti",
          "fr": "Corps du texte",
          "it": "Corpo del testo",
          "ja": "本文",
          "ko": "본문 텍스트",
          "nb": "Brødtekst",
          "nl": "Hoofdtekst",
          "pl": "Tekst podstawowy",
          "pt-BR": "Corpo do texto",
          "pt-PT": "Corpo de texto",
          "sv": "Brödtext",
          "th": "ข้อความเนื้อหา",
          "tr": "Gövde metni",
          "vi": "Văn bản nội dung",
          "zh-CN": "正文文本",
          "zh-TW": "內文"
        }
      },
      {
        "type": "font_picker",
        "id": "type_base_font",
        "label": {
          "cs": "Písmo",
          "da": "Skrifttype",
          "de": "Schriftart",
          "en": "Font",
          "es": "Fuente",
          "fi": "Fontti",
          "fr": "Police",
          "it": "Font",
          "ja": "フォント",
          "ko": "글꼴",
          "nb": "Skrifttype",
          "nl": "Lettertype",
          "pl": "Czcionka",
          "pt-BR": "Fonte",
          "pt-PT": "Tipo de letra",
          "sv": "Typsnitt",
          "th": "แบบอักษร",
          "tr": "Yazı tipi",
          "vi": "Phông chữ",
          "zh-CN": "字体",
          "zh-TW": "字型"
        },
        "default": "helvetica_n4"
      },
      {
        "type": "select",
        "id": "type_base_size",
        "label": {
          "cs": "Základní velikost",
          "da": "Basisstørrelse",
          "de": "Basisgröße",
          "en": "Base size",
          "es": "Tamaño de base",
          "fi": "Peruskoko",
          "fr": "Taille de base",
          "it": "Dimensione base",
          "ja": "基本サイズ",
          "ko": "기본 사이즈",
          "nb": "Grunnstørrelse",
          "nl": "Basisafmeting",
          "pl": "Rozmiar podstawowy",
          "pt-BR": "Tamanho básico",
          "pt-PT": "Tamanho básico",
          "sv": "Basstorlek",
          "th": "ขนาดพื้นฐาน",
          "tr": "Temel boyutu",
          "vi": "Cỡ cơ sở",
          "zh-CN": "基本尺寸",
          "zh-TW": "基本尺寸"
        },
        "options": [
          {
            "value": "14px",
            "label": {
              "cs": "14 px",
              "da": "14 px",
              "de": "14px",
              "en": "14px",
              "es": "14px",
              "fi": "14 pikseliä",
              "fr": "14 px",
              "it": "14 px",
              "ja": "14ピクセル",
              "ko": "14픽셀",
              "nb": "14px",
              "nl": "14px",
              "pl": "14 px",
              "pt-BR": "14px",
              "pt-PT": "14 px",
              "sv": "14 px",
              "th": "14px",
              "tr": "14 piksel",
              "vi": "14px",
              "zh-CN": "14 px",
              "zh-TW": "14px"
            }
          },
          {
            "value": "15px",
            "label": {
              "cs": "15 px",
              "da": "15 px",
              "de": "15px",
              "en": "15px",
              "es": "15px",
              "fi": "15 pikseliä",
              "fr": "15 px",
              "it": "15 px",
              "ja": "15ピクセル",
              "ko": "15픽셀",
              "nb": "15px",
              "nl": "15px",
              "pl": "15 px",
              "pt-BR": "15px",
              "pt-PT": "15 px",
              "sv": "15 px",
              "th": "15px",
              "tr": "15 piksel",
              "vi": "15px",
              "zh-CN": "15 px",
              "zh-TW": "15px"
            }
          },
          {
            "value": "16px",
            "label": {
              "cs": "16 px",
              "da": "16 px",
              "de": "16px",
              "en": "16px",
              "es": "16px",
              "fi": "16 pikseliä",
              "fr": "16 px",
              "it": "16 px",
              "ja": "16ピクセル",
              "ko": "16픽셀",
              "nb": "16px",
              "nl": "16px",
              "pl": "16 px",
              "pt-BR": "16px",
              "pt-PT": "16 px",
              "sv": "16 px",
              "th": "16px",
              "tr": "16 piksel",
              "vi": "16px",
              "zh-CN": "16 px",
              "zh-TW": "16px"
            }
          },
          {
            "value": "17px",
            "label": {
              "cs": "17 px",
              "da": "17 px",
              "de": "17px",
              "en": "17px",
              "es": "17px",
              "fi": "17 pikseliä",
              "fr": "17 px",
              "it": "17 px",
              "ja": "17ピクセル",
              "ko": "17픽셀",
              "nb": "17px",
              "nl": "17px",
              "pl": "17 px",
              "pt-BR": "17px",
              "pt-PT": "17 px",
              "sv": "17 px",
              "th": "17px",
              "tr": "17 piksel",
              "vi": "17px",
              "zh-CN": "17 px",
              "zh-TW": "17px"
            }
          },
          {
            "value": "18px",
            "label": {
              "cs": "18 px",
              "da": "18 px",
              "de": "18px",
              "en": "18px",
              "es": "18px",
              "fi": "18 pikseliä",
              "fr": "18 px",
              "it": "18 px",
              "ja": "18ピクセル",
              "ko": "18픽셀",
              "nb": "18px",
              "nl": "18px",
              "pl": "18 px",
              "pt-BR": "18px",
              "pt-PT": "18 px",
              "sv": "18 px",
              "th": "18px",
              "tr": "18 piksel",
              "vi": "18px",
              "zh-CN": "18 px",
              "zh-TW": "18px"
            }
          },
          {
            "value": "19px",
            "label": {
              "cs": "19 px",
              "da": "19 px",
              "de": "19px",
              "en": "19px",
              "es": "19px",
              "fi": "19 pikseliä",
              "fr": "19 px",
              "it": "19 px",
              "ja": "19ピクセル",
              "ko": "19픽셀",
              "nb": "19px",
              "nl": "19px",
              "pl": "19 px",
              "pt-BR": "19px",
              "pt-PT": "19 px",
              "sv": "19 px",
              "th": "19px",
              "tr": "19 piksel",
              "vi": "19px",
              "zh-CN": "19 px",
              "zh-TW": "19px"
            }
          }
        ]
      },
      {
        "type": "header",
        "content": {
          "cs": "Tlačítka a navigace",
          "da": "Knapper og navigation",
          "de": "Schaltflächen und Navigation",
          "en": "Buttons and navigation",
          "es": "Botones y navegación",
          "fi": "Painikkeet ja navigointi",
          "fr": "Boutons et navigation",
          "it": "Pulsanti e navigazione",
          "ja": "ボタンとメニュー",
          "ko": "버튼 및 탐색",
          "nb": "Knapper og navigasjon",
          "nl": "Knoppen en navigatie",
          "pl": "Przyciski i nawigacja",
          "pt-BR": "Botões e navegação",
          "pt-PT": "Botões e navegação",
          "sv": "Knappar och navigering",
          "th": "ปุ่มและการนำทาง",
          "tr": "Düğmeler ve gezinme",
          "vi": "Nút và menu điều hướng",
          "zh-CN": "按钮和网站地图",
          "zh-TW": "按鈕與導覽"
        }
      },
      {
        "type": "select",
        "id": "type_button_base_size",
        "label": {
          "cs": "Velikost tlačítek",
          "da": "Knapstørrelse",
          "de": "Schaltflächengröße",
          "en": "Button size",
          "es": "Tamaño del botón",
          "fi": "Painikkeen koko",
          "fr": "Taille du bouton",
          "it": "Dimensione pulsante",
          "ja": "ボタンのサイズ",
          "ko": "버튼 사이즈",
          "nb": "Knappestørrelse",
          "nl": "Afmeting knop",
          "pl": "Rozmiar przycisku",
          "pt-BR": "Tamanho do botão",
          "pt-PT": "Tamanho do botão",
          "sv": "Knappstorlek",
          "th": "ขนาดปุ่ม",
          "tr": "Düğme boyutu",
          "vi": "Cỡ nút",
          "zh-CN": "按钮大小",
          "zh-TW": "按鈕尺寸"
        },
        "options": [
          {
            "value": "12px",
            "label": {
              "cs": "12 px",
              "da": "12 px",
              "de": "12px",
              "en": "12px",
              "es": "12px",
              "fi": "12 px",
              "fr": "12 px",
              "it": "12 px",
              "ja": "12ピクセル",
              "ko": "12픽셀",
              "nb": "12 piksler",
              "nl": "12px",
              "pl": "12 px",
              "pt-BR": "12px",
              "pt-PT": "12px",
              "sv": "12 px",
              "th": "12px",
              "tr": "12 piksel",
              "vi": "12px",
              "zh-CN": "12 px",
              "zh-TW": "12px"
            }
          },
          {
            "value": "13px",
            "label": {
              "cs": "13 px",
              "da": "13 px",
              "de": "13px",
              "en": "13px",
              "es": "13px",
              "fi": "13 px",
              "fr": "13 px",
              "it": "13 px",
              "ja": "13ピクセル",
              "ko": "13픽셀",
              "nb": "13 piksler",
              "nl": "13px",
              "pl": "13 px",
              "pt-BR": "13px",
              "pt-PT": "13px",
              "sv": "13 px",
              "th": "13px",
              "tr": "13 piksel",
              "vi": "13px",
              "zh-CN": "13 px",
              "zh-TW": "13px"
            }
          },
          {
            "value": "14px",
            "label": {
              "cs": "14 px",
              "da": "14 px",
              "de": "14px",
              "en": "14px",
              "es": "14px",
              "fi": "14 pikseliä",
              "fr": "14 px",
              "it": "14 px",
              "ja": "14ピクセル",
              "ko": "14픽셀",
              "nb": "14px",
              "nl": "14px",
              "pl": "14 px",
              "pt-BR": "14px",
              "pt-PT": "14 px",
              "sv": "14 px",
              "th": "14px",
              "tr": "14 piksel",
              "vi": "14px",
              "zh-CN": "14 px",
              "zh-TW": "14px"
            }
          },
          {
            "value": "15px",
            "label": {
              "cs": "15 px",
              "da": "15 px",
              "de": "15px",
              "en": "15px",
              "es": "15px",
              "fi": "15 pikseliä",
              "fr": "15 px",
              "it": "15 px",
              "ja": "15ピクセル",
              "ko": "15픽셀",
              "nb": "15px",
              "nl": "15px",
              "pl": "15 px",
              "pt-BR": "15px",
              "pt-PT": "15 px",
              "sv": "15 px",
              "th": "15px",
              "tr": "15 piksel",
              "vi": "15px",
              "zh-CN": "15 px",
              "zh-TW": "15px"
            }
          },
          {
            "value": "16px",
            "label": {
              "cs": "16 px",
              "da": "16 px",
              "de": "16px",
              "en": "16px",
              "es": "16px",
              "fi": "16 pikseliä",
              "fr": "16 px",
              "it": "16 px",
              "ja": "16ピクセル",
              "ko": "16픽셀",
              "nb": "16px",
              "nl": "16px",
              "pl": "16 px",
              "pt-BR": "16px",
              "pt-PT": "16 px",
              "sv": "16 px",
              "th": "16px",
              "tr": "16 piksel",
              "vi": "16px",
              "zh-CN": "16 px",
              "zh-TW": "16px"
            }
          },
          {
            "value": "17px",
            "label": {
              "cs": "17 px",
              "da": "17 px",
              "de": "17px",
              "en": "17px",
              "es": "17px",
              "fi": "17 pikseliä",
              "fr": "17 px",
              "it": "17 px",
              "ja": "17ピクセル",
              "ko": "17픽셀",
              "nb": "17px",
              "nl": "17px",
              "pl": "17 px",
              "pt-BR": "17px",
              "pt-PT": "17 px",
              "sv": "17 px",
              "th": "17px",
              "tr": "17 piksel",
              "vi": "17px",
              "zh-CN": "17 px",
              "zh-TW": "17px"
            }
          },
          {
            "value": "18px",
            "label": {
              "cs": "18 px",
              "da": "18 px",
              "de": "18px",
              "en": "18px",
              "es": "18px",
              "fi": "18 pikseliä",
              "fr": "18 px",
              "it": "18 px",
              "ja": "18ピクセル",
              "ko": "18픽셀",
              "nb": "18px",
              "nl": "18px",
              "pl": "18 px",
              "pt-BR": "18px",
              "pt-PT": "18 px",
              "sv": "18 px",
              "th": "18px",
              "tr": "18 piksel",
              "vi": "18px",
              "zh-CN": "18 px",
              "zh-TW": "18px"
            }
          },
          {
            "value": "19px",
            "label": {
              "cs": "19 px",
              "da": "19 px",
              "de": "19px",
              "en": "19px",
              "es": "19px",
              "fi": "19 pikseliä",
              "fr": "19 px",
              "it": "19 px",
              "ja": "19ピクセル",
              "ko": "19픽셀",
              "nb": "19px",
              "nl": "19px",
              "pl": "19 px",
              "pt-BR": "19px",
              "pt-PT": "19 px",
              "sv": "19 px",
              "th": "19px",
              "tr": "19 piksel",
              "vi": "19px",
              "zh-CN": "19 px",
              "zh-TW": "19px"
            }
          },
          {
            "value": "20px",
            "label": {
              "cs": "20 px",
              "da": "20 px",
              "de": "20px",
              "en": "20px",
              "es": "20px",
              "fi": "20 pikseliä",
              "fr": "20 px",
              "it": "20 px",
              "ja": "20ピクセル",
              "ko": "20픽셀",
              "nb": "20px",
              "nl": "20px",
              "pl": "20 px",
              "pt-BR": "20px",
              "pt-PT": "20 px",
              "sv": "20 px",
              "th": "20 พิกเซล",
              "tr": "20 piksel",
              "vi": "20px",
              "zh-CN": "20 px",
              "zh-TW": "20 像素"
            }
          },
          {
            "value": "21px",
            "label": {
              "cs": "21 px",
              "da": "21 px",
              "de": "21px",
              "en": "21px",
              "es": "21px",
              "fi": "21 pikseliä",
              "fr": "21 px",
              "it": "21 px",
              "ja": "21ピクセル",
              "ko": "21픽셀",
              "nb": "21px",
              "nl": "21px",
              "pl": "21 px",
              "pt-BR": "21px",
              "pt-PT": "21 px",
              "sv": "21 px",
              "th": "21 พิกเซล",
              "tr": "21 piksel",
              "vi": "21px",
              "zh-CN": "21 px",
              "zh-TW": "21 像素"
            }
          },
          {
            "value": "22px",
            "label": {
              "cs": "22 px",
              "da": "22 px",
              "de": "22px",
              "en": "22px",
              "es": "22px",
              "fi": "22 pikseliä",
              "fr": "22 px",
              "it": "22 px",
              "ja": "22ピクセル",
              "ko": "22픽셀",
              "nb": "22px",
              "nl": "22px",
              "pl": "22 px",
              "pt-BR": "22px",
              "pt-PT": "22 px",
              "sv": "22 px",
              "th": "22 พิกเซล",
              "tr": "22 piksel",
              "vi": "22px",
              "zh-CN": "22 px",
              "zh-TW": "22 像素"
            }
          }
        ]
      },
      {
        "type": "select",
        "id": "type_navigation_base_size",
        "label": {
          "cs": "Velikost navigace",
          "da": "Størrelse for navigation",
          "de": "Größe Navigation",
          "en": "Navigation size",
          "es": "Tamaño de navegación",
          "fi": "Navigointikoko",
          "fr": "Taille de navigation",
          "it": "Dimensione navigazione",
          "ja": "メニューのサイズ",
          "ko": "탐색 사이즈",
          "nb": "Størrelse for navigasjon",
          "nl": "Afmeting navigatie",
          "pl": "Rozmiar nawigacji",
          "pt-BR": "Tamanho de navegação",
          "pt-PT": "Tamanho de navegação",
          "sv": "Navigationsstorlek",
          "th": "ขนาดการนำทาง",
          "tr": "Gezinme boyutu",
          "vi": "Cỡ menu điều hướng",
          "zh-CN": "网站地图栏大小",
          "zh-TW": "導覽尺寸"
        },
        "options": [
          {
            "value": "12px",
            "label": {
              "cs": "12 px",
              "da": "12 px",
              "de": "12px",
              "en": "12px",
              "es": "12px",
              "fi": "12 px",
              "fr": "12 px",
              "it": "12 px",
              "ja": "12ピクセル",
              "ko": "12픽셀",
              "nb": "12 piksler",
              "nl": "12px",
              "pl": "12 px",
              "pt-BR": "12px",
              "pt-PT": "12px",
              "sv": "12 px",
              "th": "12px",
              "tr": "12 piksel",
              "vi": "12px",
              "zh-CN": "12 px",
              "zh-TW": "12px"
            }
          },
          {
            "value": "13px",
            "label": {
              "cs": "13 px",
              "da": "13 px",
              "de": "13px",
              "en": "13px",
              "es": "13px",
              "fi": "13 px",
              "fr": "13 px",
              "it": "13 px",
              "ja": "13ピクセル",
              "ko": "13픽셀",
              "nb": "13 piksler",
              "nl": "13px",
              "pl": "13 px",
              "pt-BR": "13px",
              "pt-PT": "13px",
              "sv": "13 px",
              "th": "13px",
              "tr": "13 piksel",
              "vi": "13px",
              "zh-CN": "13 px",
              "zh-TW": "13px"
            }
          },
          {
            "value": "14px",
            "label": {
              "cs": "14 px",
              "da": "14 px",
              "de": "14px",
              "en": "14px",
              "es": "14px",
              "fi": "14 pikseliä",
              "fr": "14 px",
              "it": "14 px",
              "ja": "14ピクセル",
              "ko": "14픽셀",
              "nb": "14px",
              "nl": "14px",
              "pl": "14 px",
              "pt-BR": "14px",
              "pt-PT": "14 px",
              "sv": "14 px",
              "th": "14px",
              "tr": "14 piksel",
              "vi": "14px",
              "zh-CN": "14 px",
              "zh-TW": "14px"
            }
          },
          {
            "value": "15px",
            "label": {
              "cs": "15 px",
              "da": "15 px",
              "de": "15px",
              "en": "15px",
              "es": "15px",
              "fi": "15 pikseliä",
              "fr": "15 px",
              "it": "15 px",
              "ja": "15ピクセル",
              "ko": "15픽셀",
              "nb": "15px",
              "nl": "15px",
              "pl": "15 px",
              "pt-BR": "15px",
              "pt-PT": "15 px",
              "sv": "15 px",
              "th": "15px",
              "tr": "15 piksel",
              "vi": "15px",
              "zh-CN": "15 px",
              "zh-TW": "15px"
            }
          },
          {
            "value": "16px",
            "label": {
              "cs": "16 px",
              "da": "16 px",
              "de": "16px",
              "en": "16px",
              "es": "16px",
              "fi": "16 pikseliä",
              "fr": "16 px",
              "it": "16 px",
              "ja": "16ピクセル",
              "ko": "16픽셀",
              "nb": "16px",
              "nl": "16px",
              "pl": "16 px",
              "pt-BR": "16px",
              "pt-PT": "16 px",
              "sv": "16 px",
              "th": "16px",
              "tr": "16 piksel",
              "vi": "16px",
              "zh-CN": "16 px",
              "zh-TW": "16px"
            }
          },
          {
            "value": "17px",
            "label": {
              "cs": "17 px",
              "da": "17 px",
              "de": "17px",
              "en": "17px",
              "es": "17px",
              "fi": "17 pikseliä",
              "fr": "17 px",
              "it": "17 px",
              "ja": "17ピクセル",
              "ko": "17픽셀",
              "nb": "17px",
              "nl": "17px",
              "pl": "17 px",
              "pt-BR": "17px",
              "pt-PT": "17 px",
              "sv": "17 px",
              "th": "17px",
              "tr": "17 piksel",
              "vi": "17px",
              "zh-CN": "17 px",
              "zh-TW": "17px"
            }
          },
          {
            "value": "18px",
            "label": {
              "cs": "18 px",
              "da": "18 px",
              "de": "18px",
              "en": "18px",
              "es": "18px",
              "fi": "18 pikseliä",
              "fr": "18 px",
              "it": "18 px",
              "ja": "18ピクセル",
              "ko": "18픽셀",
              "nb": "18px",
              "nl": "18px",
              "pl": "18 px",
              "pt-BR": "18px",
              "pt-PT": "18 px",
              "sv": "18 px",
              "th": "18px",
              "tr": "18 piksel",
              "vi": "18px",
              "zh-CN": "18 px",
              "zh-TW": "18px"
            }
          },
          {
            "value": "19px",
            "label": {
              "cs": "19 px",
              "da": "19 px",
              "de": "19px",
              "en": "19px",
              "es": "19px",
              "fi": "19 pikseliä",
              "fr": "19 px",
              "it": "19 px",
              "ja": "19ピクセル",
              "ko": "19픽셀",
              "nb": "19px",
              "nl": "19px",
              "pl": "19 px",
              "pt-BR": "19px",
              "pt-PT": "19 px",
              "sv": "19 px",
              "th": "19px",
              "tr": "19 piksel",
              "vi": "19px",
              "zh-CN": "19 px",
              "zh-TW": "19px"
            }
          },
          {
            "value": "20px",
            "label": {
              "cs": "20 px",
              "da": "20 px",
              "de": "20px",
              "en": "20px",
              "es": "20px",
              "fi": "20 pikseliä",
              "fr": "20 px",
              "it": "20 px",
              "ja": "20ピクセル",
              "ko": "20픽셀",
              "nb": "20px",
              "nl": "20px",
              "pl": "20 px",
              "pt-BR": "20px",
              "pt-PT": "20 px",
              "sv": "20 px",
              "th": "20 พิกเซล",
              "tr": "20 piksel",
              "vi": "20px",
              "zh-CN": "20 px",
              "zh-TW": "20 像素"
            }
          },
          {
            "value": "21px",
            "label": {
              "cs": "21 px",
              "da": "21 px",
              "de": "21px",
              "en": "21px",
              "es": "21px",
              "fi": "21 pikseliä",
              "fr": "21 px",
              "it": "21 px",
              "ja": "21ピクセル",
              "ko": "21픽셀",
              "nb": "21px",
              "nl": "21px",
              "pl": "21 px",
              "pt-BR": "21px",
              "pt-PT": "21 px",
              "sv": "21 px",
              "th": "21 พิกเซล",
              "tr": "21 piksel",
              "vi": "21px",
              "zh-CN": "21 px",
              "zh-TW": "21 像素"
            }
          },
          {
            "value": "22px",
            "label": {
              "cs": "22 px",
              "da": "22 px",
              "de": "22px",
              "en": "22px",
              "es": "22px",
              "fi": "22 pikseliä",
              "fr": "22 px",
              "it": "22 px",
              "ja": "22ピクセル",
              "ko": "22픽셀",
              "nb": "22px",
              "nl": "22px",
              "pl": "22 px",
              "pt-BR": "22px",
              "pt-PT": "22 px",
              "sv": "22 px",
              "th": "22 พิกเซล",
              "tr": "22 piksel",
              "vi": "22px",
              "zh-CN": "22 px",
              "zh-TW": "22 像素"
            }
          }
        ]
      }
    ]
  },
  {
    "name": {
      "cs": "Košík",
      "da": "Indkøbskurv",
      "de": "Warenkorb",
      "en": "Cart",
      "es": "Carrito",
      "fi": "Ostoskori",
      "fr": "Panier",
      "it": "Carrello",
      "ja": "カート",
      "ko": "카트",
      "nb": "Handlekurv",
      "nl": "Winkelwagen",
      "pl": "Koszyk",
      "pt-BR": "Carrinho",
      "pt-PT": "Carrinho",
      "sv": "Kundvagn",
      "th": "ตะกร้าสินค้า",
      "tr": "Sepet",
      "vi": "Giỏ hàng",
      "zh-CN": "购物车",
      "zh-TW": "購物車"
    },
    "settings": [
      {
        "type": "checkbox",
        "id": "cart_enable_ajax",
        "label": {
          "cs": "Po přidání položky do košíku zůstat na aktuální stránce",
          "da": "Bliv på aktuel side, når vare lægges i indkøbskurven",
          "de": "Auf der aktuellen Seite bleiben, wenn Artikel zum Warenkorb hinzugefügt wird",
          "en": "Stay on current page when item is added to cart",
          "es": "Permanece en la página actual al agregar el artículo al carrito.",
          "fi": "Pysy nykyisellä sivulla, kun tuote lisätään ostoskoriin",
          "fr": "Rester sur la page actuelle lorsqu'un article est ajouté au panier",
          "it": "Resta sulla pagina attuale quando l'articolo viene aggiunto al carrello",
          "ja": "アイテムがカートに追加されたときに現在のページにとどまる",
          "ko": "카트에 품목이 추가되면 현재 페이지에 머무십시오",
          "nb": "Bli på nåværende side når vare legges i handlekurven",
          "nl": "Blijf op de huidige pagina wanneer het product is toegevoegd",
          "pl": "Pozostań na bieżącej stronie po dodaniu pozycji do koszyka",
          "pt-BR": "Permanecer na página atual quando o item for adicionado ao carrinho",
          "pt-PT": "Permanecer na página atual quando o item é adicionado ao carrinho",
          "sv": "Stanna på nuvarande sida när objektet läggs i kundvagnen",
          "th": "อยู่ในหน้าปัจจุบันเมื่อมีการเพิ่มรายการลงในตะกร้าสินค้า",
          "tr": "Sepete ürün eklendiğinde mevcut sayfada kal",
          "vi": "Ở lại trang hiện tại khi thêm mặt hàng vào giỏ hàng",
          "zh-CN": "在将产品添加到购物车时停留在当前页面",
          "zh-TW": "商品加入購物車時留在目前頁面"
        },
        "default": true
      }
    ]
  },
  {
    "name": {
      "cs": "Navigace",
      "da": "Navigation",
      "de": "navigation",
      "en": "Navigation",
      "es": "Navegación",
      "fi": "Navigointi",
      "fr": "Navigation",
      "it": "Navigazione",
      "ja": "メニュー",
      "ko": "탐색",
      "nb": "Navigasjon",
      "nl": "Navigatie",
      "pl": "Nawigacja",
      "pt-BR": "Navegação",
      "pt-PT": "Navegação",
      "sv": "Navigering",
      "th": "การนำทาง",
      "tr": "Gezinme",
      "vi": "Điều hướng",
      "zh-CN": "网站地图",
      "zh-TW": "導覽"
    },
    "settings": [
      {
        "type": "checkbox",
        "id": "show_breadcrumb_nav",
        "label": {
          "cs": "Zobrazit drobečkovou navigaci",
          "da": "Vis brødkrummenavigation",
          "de": "Brotkrümelnavigation anzeigen",
          "en": "Show breadcrumb navigation",
          "es": "Mostrar ruta de navegación",
          "fi": "Näytä navigointipolku",
          "fr": "Afficher la navigation avec un fil d'Ariane",
          "it": "Mostra navigazione tracciabile",
          "ja": "パンくずメニューを表示する",
          "ko": "브레드크럼 내비게이션 표시",
          "nb": "Vis navigasjon med synlig søkebane",
          "nl": "Kruimelpad weergeven",
          "pl": "Pokaż nawigację okruszkową",
          "pt-BR": "Exibir navegação estruturada",
          "pt-PT": "Mostrar navegação de trilho",
          "sv": "Visa navigering med länkstig",
          "th": "แสดงการนำทางแบบแสดงเส้นทาง",
          "tr": "İçerik haritalı gezinmeyi göster",
          "vi": "Hiển thị điều hướng theo liên kết phân cấp",
          "zh-CN": "显示页面路径网站地图栏",
          "zh-TW": "顯示頁面路徑導覽"
        }
      }
    ]
  },
  {
    "name": {
      "cs": "Sociální sítě",
      "da": "Sociale medier",
      "de": "Social Media",
      "en": "Social media",
      "es": "Redes sociales",
      "fi": "Some",
      "fr": "Médias sociaux",
      "it": "Social media",
      "ja": "SNS",
      "ko": "소셜 미디어",
      "nb": "Sosiale medier",
      "nl": "Social media",
      "pl": "Media społecznościowe",
      "pt-BR": "Redes sociais",
      "pt-PT": "Redes sociais",
      "sv": "Sociala medier",
      "th": "โซเชียลมีเดีย",
      "tr": "Sosyal medya",
      "vi": "Truyền thông xã hội",
      "zh-CN": "社交媒体",
      "zh-TW": "社交媒體"
    },
    "settings": [
      {
        "type": "header",
        "content": {
          "cs": "Účty na sociálních sítích",
          "da": "SoMe-konti",
          "de": "Social-Media-Konten",
          "en": "Social accounts",
          "es": "Cuentas de redes sociales",
          "fi": "Sosiaalisen median tilit",
          "fr": "Comptes sociaux",
          "it": "Account social",
          "ja": "SNSアカウント",
          "ko": "소셜 계정",
          "nb": "Sosiale kontoer",
          "nl": "Socialmedia-accounts",
          "pl": "Konta społecznościowe",
          "pt-BR": "Contas de redes sociais",
          "pt-PT": "Contas de redes sociais",
          "sv": "Sociala konton",
          "th": "บัญชีโซเชียลมีเดีย",
          "tr": "Sosyal medya hesapları",
          "vi": "Tài khoản mạng xã hội",
          "zh-CN": "社交媒体账户",
          "zh-TW": "社群帳戶"
        }
      },
      {
        "type": "text",
        "id": "social_facebook_link",
        "label": {
          "cs": "Facebook",
          "da": "Facebook",
          "de": "Facebook",
          "en": "Facebook",
          "es": "Facebook",
          "fi": "Facebook",
          "fr": "Facebook",
          "it": "Facebook",
          "ja": "Facebook",
          "ko": "Facebook",
          "nb": "Facebook",
          "nl": "Facebook",
          "pl": "Facebook",
          "pt-BR": "Facebook",
          "pt-PT": "Facebook",
          "sv": "Facebook",
          "th": "Facebook",
          "tr": "Facebook",
          "vi": "Facebook",
          "zh-CN": "Facebook",
          "zh-TW": "Facebook"
        },
        "info": {
          "cs": "https:\/\/www.facebook.com\/shopify",
          "da": "https:\/\/www.facebook.com\/shopify",
          "de": "https:\/\/www.facebook.com\/shopify",
          "en": "https:\/\/www.facebook.com\/shopify",
          "es": "https:\/\/www.facebook.com\/shopify",
          "fi": "https:\/\/www.facebook.com\/shopify",
          "fr": "https:\/\/www.facebook.com\/shopify",
          "it": "https:\/\/www.facebook.com\/shopify",
          "ja": "https:\/\/www.facebook.com\/shopify",
          "ko": "https:\/\/www.facebook.com\/shopify",
          "nb": "https:\/\/www.facebook.com\/shopify",
          "nl": "https:\/\/www.facebook.com\/shopify",
          "pl": "https:\/\/www.facebook.com\/shopify",
          "pt-BR": "https:\/\/www.facebook.com\/shopify",
          "pt-PT": "https:\/\/www.facebook.com\/shopify",
          "sv": "https:\/\/www.facebook.com\/shopify",
          "th": "https:\/\/www.facebook.com\/shopify",
          "tr": "https:\/\/www.facebook.com\/shopify",
          "vi": "https:\/\/www.facebook.com\/shopify",
          "zh-CN": "https:\/\/www.facebook.com\/shopify",
          "zh-TW": "https:\/\/www.facebook.com\/shopify"
        }
      },
      {
        "type": "text",
        "id": "social_twitter_link",
        "label": {
          "cs": "Twitter",
          "da": "Twitter",
          "de": "Twitter",
          "en": "Twitter",
          "es": "Twitter",
          "fi": "Twitter",
          "fr": "Twitter",
          "it": "Twitter",
          "ja": "Twitter",
          "ko": "Twitter",
          "nb": "Twitter",
          "nl": "Twitter",
          "pl": "Twitter",
          "pt-BR": "Twitter",
          "pt-PT": "Twitter",
          "sv": "Twitter",
          "th": "Twitter",
          "tr": "Twitter",
          "vi": "Twitter",
          "zh-CN": "Twitter",
          "zh-TW": "Twitter"
        },
        "info": {
          "cs": "https:\/\/twitter.com\/shopify",
          "da": "https:\/\/twitter.com\/shopify",
          "de": "https:\/\/twitter.com\/shopify",
          "en": "https:\/\/twitter.com\/shopify",
          "es": "https:\/\/twitter.com\/shopify",
          "fi": "https:\/\/twitter.com\/shopify",
          "fr": "https:\/\/twitter.com\/shopify",
          "it": "https:\/\/twitter.com\/shopify",
          "ja": "https:\/\/twitter.com\/shopify",
          "ko": "https:\/\/twitter.com\/shopify",
          "nb": "https:\/\/twitter.com\/shopify",
          "nl": "https:\/\/twitter.com\/shopify",
          "pl": "https:\/\/twitter.com\/shopify",
          "pt-BR": "https:\/\/twitter.com\/shopify",
          "pt-PT": "https:\/\/twitter.com\/shopify",
          "sv": "https:\/\/twitter.com\/shopify",
          "th": "https:\/\/twitter.com\/shopify",
          "tr": "https:\/\/twitter.com\/shopify",
          "vi": "https:\/\/twitter.com\/shopify",
          "zh-CN": "https:\/\/twitter.com\/shopify",
          "zh-TW": "https:\/\/twitter.com\/shopify"
        }
      },
      {
        "type": "text",
        "id": "social_pinterest_link",
        "label": {
          "cs": "Pinterest",
          "da": "Pinterest",
          "de": "Pinterest",
          "en": "Pinterest",
          "es": "Pinterest",
          "fi": "Pinterest",
          "fr": "Pinterest",
          "it": "Pinterest",
          "ja": "Pinterest",
          "ko": "Pinterest",
          "nb": "Pinterest",
          "nl": "Pinterest",
          "pl": "Pinterest",
          "pt-BR": "Pinterest",
          "pt-PT": "Pinterest",
          "sv": "Pinterest",
          "th": "Pinterest",
          "tr": "Pinterest",
          "vi": "Pinterest",
          "zh-CN": "Pinterest",
          "zh-TW": "Pinterest"
        },
        "info": {
          "cs": "https:\/\/www.pinterest.com\/shopify",
          "da": "https:\/\/www.pinterest.com\/shopify",
          "de": "https:\/\/www.pinterest.com\/shopify",
          "en": "https:\/\/www.pinterest.com\/shopify",
          "es": "https:\/\/www.pinterest.com\/shopify",
          "fi": "https:\/\/www.pinterest.com\/shopify",
          "fr": "https:\/\/www.pinterest.com\/shopify",
          "it": "https:\/\/www.pinterest.com\/shopify",
          "ja": "https:\/\/www.pinterest.com\/shopify",
          "ko": "https:\/\/www.pinterest.com\/shopify",
          "nb": "https:\/\/www.pinterest.com\/shopify",
          "nl": "https:\/\/www.pinterest.com\/shopify",
          "pl": "https:\/\/www.pinterest.com\/shopify",
          "pt-BR": "https:\/\/www.pinterest.com\/shopify",
          "pt-PT": "https:\/\/www.pinterest.com\/shopify",
          "sv": "https:\/\/www.pinterest.com\/shopify",
          "th": "https:\/\/www.pinterest.com\/shopify",
          "tr": "https:\/\/www.pinterest.com\/shopify",
          "vi": "https:\/\/www.pinterest.com\/shopify",
          "zh-CN": "https:\/\/www.pinterest.com\/shopify",
          "zh-TW": "https:\/\/www.pinterest.com\/shopify"
        }
      },
      {
        "type": "text",
        "id": "social_instagram_link",
        "label": {
          "cs": "Instagram",
          "da": "Instagram",
          "de": "Instagram",
          "en": "Instagram",
          "es": "Instagram",
          "fi": "Instagram",
          "fr": "Instagram",
          "it": "Instagram",
          "ja": "Instagram",
          "ko": "Instagram",
          "nb": "Instagram",
          "nl": "Instagram",
          "pl": "Instagram",
          "pt-BR": "Instagram",
          "pt-PT": "Instagram",
          "sv": "Instagram",
          "th": "Instagram",
          "tr": "Instagram",
          "vi": "Instagram",
          "zh-CN": "Instagram",
          "zh-TW": "Instagram"
        },
        "info": {
          "cs": "https:\/\/instagram.com\/shopify",
          "da": "https:\/\/instagram.com\/shopify",
          "de": "https:\/\/instagram.com\/shopify",
          "en": "https:\/\/instagram.com\/shopify",
          "es": "https:\/\/instagram.com\/shopify",
          "fi": "https:\/\/instagram.com\/shopify",
          "fr": "https:\/\/instagram.com\/shopify",
          "it": "https:\/\/instagram.com\/shopify",
          "ja": "https:\/\/instagram.com\/shopify",
          "ko": "https:\/\/instagram.com\/shopify",
          "nb": "https:\/\/instagram.com\/shopify",
          "nl": "https:\/\/instagram.com\/shopify",
          "pl": "https:\/\/instagram.com\/shopify",
          "pt-BR": "https:\/\/instagram.com\/shopify",
          "pt-PT": "https:\/\/instagram.com\/shopify",
          "sv": "https:\/\/instagram.com\/shopify",
          "th": "https:\/\/instagram.com\/shopify",
          "tr": "https:\/\/instagram.com\/shopify",
          "vi": "https:\/\/instagram.com\/shopify",
          "zh-CN": "https:\/\/instagram.com\/shopify",
          "zh-TW": "https:\/\/instagram.com\/shopify"
        }
      },
      {
        "type": "text",
        "id": "social_snapchat_link",
        "label": {
          "cs": "Snapchat",
          "da": "Snapchat",
          "de": "Snapchat",
          "en": "Snapchat",
          "es": "Snapchat",
          "fi": "Snapchat",
          "fr": "Snapchat",
          "it": "Snapchat",
          "ja": "Snapchat",
          "ko": "Snapchat",
          "nb": "Snapchat",
          "nl": "Snapchat",
          "pl": "Snapchat",
          "pt-BR": "Snapchat",
          "pt-PT": "Snapchat",
          "sv": "Snapchat",
          "th": "Snapchat",
          "tr": "Snapchat",
          "vi": "Snapchat",
          "zh-CN": "Snapchat",
          "zh-TW": "Snapchat"
        },
        "info": {
          "cs": "https:\/\/snapchat.com\/add\/shopify",
          "da": "https:\/\/snapchat.com\/add\/shopify",
          "de": "https:\/\/snapchat.com\/add\/shopify",
          "en": "https:\/\/snapchat.com\/add\/shopify",
          "es": "https:\/\/snapchat.com\/add\/shopify",
          "fi": "https:\/\/snapchat.com\/add\/shopify",
          "fr": "https:\/\/snapchat.com\/add\/shopify",
          "it": "https:\/\/snapchat.com\/add\/shopify",
          "ja": "https:\/\/snapchat.com\/add\/shopify",
          "ko": "https:\/\/snapchat.com\/add\/shopify",
          "nb": "https:\/\/snapchat.com\/add\/shopify",
          "nl": "https:\/\/snapchat.com\/add\/shopify",
          "pl": "https:\/\/snapchat.com\/add\/shopify",
          "pt-BR": "https:\/\/www.snapchat.com\/add\/shopify",
          "pt-PT": "https:\/\/snapchat.com\/add\/shopify",
          "sv": "https:\/\/snapchat.com\/add\/shopify",
          "th": "https:\/\/snapchat.com\/add\/shopify",
          "tr": "https:\/\/snapchat.com\/add\/shopify",
          "vi": "https:\/\/snapchat.com\/add\/shopify",
          "zh-CN": "https:\/\/snapchat.com\/add\/shopify",
          "zh-TW": "https:\/\/snapchat.com\/add\/shopify"
        }
      },
      {
        "type": "text",
        "id": "social_google_plus_link",
        "label": {
          "cs": "Google Plus",
          "da": "Google Plus",
          "de": "Google Plus",
          "en": "Google Plus",
          "es": "Google Plus",
          "fi": "Google Plus",
          "fr": "Google Plus",
          "it": "Google Plus",
          "ja": "Google Plus",
          "ko": "Google 플러스",
          "nb": "Google Plus",
          "nl": "Google Plus",
          "pl": "Google Plus",
          "pt-BR": "Google Plus",
          "pt-PT": "Google Plus",
          "sv": "Google Plus",
          "th": "Google Plus",
          "tr": "Google Plus",
          "vi": "Google Plus",
          "zh-CN": "Google Plus",
          "zh-TW": "Google+"
        },
        "info": {
          "cs": "https:\/\/plus.google.com\/+shopify",
          "da": "https:\/\/plus.google.com\/+shopify",
          "de": "https:\/\/plus.google.com\/+shopify",
          "en": "https:\/\/plus.google.com\/+shopify",
          "es": "https:\/\/plus.google.com\/+shopify",
          "fi": "https:\/\/plus.google.com\/+shopify",
          "fr": "https:\/\/plus.google.com\/+shopify",
          "it": "https:\/\/plus.google.com\/+shopify",
          "ja": "https:\/\/plus.google.com\/+shopify",
          "ko": "https:\/\/plus.google.com\/+shopify",
          "nb": "https:\/\/plus.google.com\/+shopify",
          "nl": "https:\/\/plus.google.com\/+shopify",
          "pl": "https:\/\/plus.google.com\/+shopify",
          "pt-BR": "https:\/\/plus.google.com\/+shopify",
          "pt-PT": "https:\/\/plus.google.com\/+shopify",
          "sv": "https:\/\/plus.google.com\/+shopify",
          "th": "https:\/\/plus.google.com\/+shopify",
          "tr": "https:\/\/plus.google.com\/+shopify",
          "vi": "https:\/\/plus.google.com\/+shopify",
          "zh-CN": "https:\/\/plus.google.com\/+shopify",
          "zh-TW": "https:\/\/plus.google.com\/+shopify"
        }
      },
      {
        "type": "text",
        "id": "social_tumblr_link",
        "label": {
          "cs": "Tumblr",
          "da": "Tumblr",
          "de": "Tumblr",
          "en": "Tumblr",
          "es": "Tumblr",
          "fi": "Tumblr",
          "fr": "Tumblr",
          "it": "Tumblr",
          "ja": "Tumblr",
          "ko": "Tumblr",
          "nb": "Tumblr",
          "nl": "Tumblr",
          "pl": "Tumblr",
          "pt-BR": "Tumblr",
          "pt-PT": "Tumblr",
          "sv": "Tumblr",
          "th": "Tumblr",
          "tr": "Tumblr",
          "vi": "Tumblr",
          "zh-CN": "Tumblr",
          "zh-TW": "Tumblr"
        },
        "info": {
          "cs": "http:\/\/shopify.tumblr.com",
          "da": "http:\/\/shopify.tumblr.com",
          "de": "http:\/\/shopify.tumblr.com",
          "en": "http:\/\/shopify.tumblr.com",
          "es": "http:\/\/shopify.tumblr.com",
          "fi": "http:\/\/shopify.tumblr.com",
          "fr": "http:\/\/shopify.tumblr.com",
          "it": "http:\/\/shopify.tumblr.com",
          "ja": "http:\/\/shopify.tumblr.com",
          "ko": "http:\/\/shopify.tumblr.com",
          "nb": "http:\/\/shopify.tumblr.com",
          "nl": "http:\/\/shopify.tumblr.com",
          "pl": "http:\/\/shopify.tumblr.com",
          "pt-BR": "http:\/\/shopify.tumblr.com",
          "pt-PT": "http:\/\/shopify.tumblr.com",
          "sv": "http:\/\/shopify.tumblr.com",
          "th": "http:\/\/shopify.tumblr.com",
          "tr": "http:\/\/shopify.tumblr.com",
          "vi": "http:\/\/shopify.tumblr.com",
          "zh-CN": "http:\/\/shopify.tumblr.com",
          "zh-TW": "http:\/\/shopify.tumblr.com"
        }
      },
      {
        "type": "text",
        "id": "social_youtube_link",
        "label": {
          "cs": "YouTube",
          "da": "YouTube",
          "de": "Youtube",
          "en": "YouTube",
          "es": "Youtube",
          "fi": "YouTube",
          "fr": "YouTube",
          "it": "YouTube",
          "ja": "YouTube",
          "ko": "YouTube",
          "nb": "YouTube",
          "nl": "YouTube",
          "pl": "Youtube",
          "pt-BR": "YouTube",
          "pt-PT": "YouTube",
          "sv": "YouTube",
          "th": "YouTube",
          "tr": "YouTube",
          "vi": "YouTube",
          "zh-CN": "YouTube",
          "zh-TW": "YouTube"
        },
        "info": {
          "cs": "https:\/\/www.youtube.com\/user\/shopify",
          "da": "https:\/\/www.youtube.com\/user\/shopify",
          "de": "https:\/\/www.youtube.com\/user\/shopify",
          "en": "https:\/\/www.youtube.com\/user\/shopify",
          "es": "https:\/\/www.youtube.com\/user\/shopify",
          "fi": "https:\/\/www.youtube.com\/user\/shopify",
          "fr": "https:\/\/www.youtube.com\/user\/shopify",
          "it": "https:\/\/www.youtube.com\/user\/shopify",
          "ja": "https:\/\/www.youtube.com\/user\/shopify",
          "ko": "https:\/\/www.youtube.com\/user\/shopify",
          "nb": "https:\/\/www.youtube.com\/user\/shopify",
          "nl": "https:\/\/www.youtube.com\/user\/shopify",
          "pl": "https:\/\/www.youtube.com\/user\/shopify",
          "pt-BR": "https:\/\/www.youtube.com\/user\/shopify",
          "pt-PT": "https:\/\/www.youtube.com\/user\/shopify",
          "sv": "https:\/\/www.youtube.com\/user\/shopify",
          "th": "https:\/\/www.youtube.com\/user\/shopify",
          "tr": "https:\/\/www.youtube.com\/user\/shopify",
          "vi": "https:\/\/www.youtube.com\/user\/shopify",
          "zh-CN": "https:\/\/www.youtube.com\/user\/shopify",
          "zh-TW": "https:\/\/www.youtube.com\/user\/shopify"
        }
      },
      {
        "type": "text",
        "id": "social_vimeo_link",
        "label": {
          "cs": "Vimeo",
          "da": "Vimeo",
          "de": "Vimeo",
          "en": "Vimeo",
          "es": "Vimeo",
          "fi": "Vimeo",
          "fr": "Vimeo",
          "it": "Vimeo",
          "ja": "Vimeo",
          "ko": "Vimeo",
          "nb": "Vimeo",
          "nl": "Vimeo",
          "pl": "Vimeo",
          "pt-BR": "Vimeo",
          "pt-PT": "Vimeo",
          "sv": "Vimeo",
          "th": "Vimeo",
          "tr": "Vimeo",
          "vi": "Vimeo",
          "zh-CN": "Vimeo",
          "zh-TW": "Vimeo"
        },
        "info": {
          "cs": "https:\/\/vimeo.com\/shopify",
          "da": "https:\/\/vimeo.com\/shopify",
          "de": "https:\/\/vimeo.com\/shopify",
          "en": "https:\/\/vimeo.com\/shopify",
          "es": "https:\/\/vimeo.com\/shopify",
          "fi": "https:\/\/vimeo.com\/shopify",
          "fr": "https:\/\/vimeo.com\/shopify",
          "it": "https:\/\/vimeo.com\/shopify",
          "ja": "https:\/\/vimeo.com\/shopify",
          "ko": "https:\/\/vimeo.com\/shopify",
          "nb": "https:\/\/vimeo.com\/shopify",
          "nl": "https:\/\/vimeo.com\/shopify",
          "pl": "https:\/\/vimeo.com\/shopify",
          "pt-BR": "https:\/\/vimeo.com\/shopify",
          "pt-PT": "https:\/\/vimeo.com\/shopify",
          "sv": "https:\/\/vimeo.com\/shopify",
          "th": "https:\/\/vimeo.com\/shopify",
          "tr": "https:\/\/vimeo.com\/shopify",
          "vi": "https:\/\/vimeo.com\/shopify",
          "zh-CN": "https:\/\/vimeo.com\/shopify",
          "zh-TW": "https:\/\/vimeo.com\/shopify"
        }
      },
      {
        "type": "text",
        "id": "social_fancy_link",
        "label": {
          "cs": "Fancy",
          "da": "Fancy",
          "de": "Fancy",
          "en": "Fancy",
          "es": "Fancy",
          "fi": "Fancy",
          "fr": "Fancy",
          "it": "Fancy",
          "ja": "Fancy",
          "ko": "팬시",
          "nb": "Fancy",
          "nl": "Fancy",
          "pl": "Fancy",
          "pt-BR": "Fancy",
          "pt-PT": "Fancy",
          "sv": "Fancy",
          "th": "Fancy",
          "tr": "Fancy",
          "vi": "Fancy",
          "zh-CN": "Fancy",
          "zh-TW": "Fancy"
        },
        "info": {
          "cs": "http:\/\/fancy.com\/Shopify",
          "da": "http:\/\/fancy.com\/Shopify",
          "de": "http:\/\/fancy.com\/Shopify",
          "en": "http:\/\/fancy.com\/Shopify",
          "es": "http:\/\/fancy.com\/Shopify",
          "fi": "http:\/\/fancy.com\/Shopify",
          "fr": "http:\/\/fancy.com\/Shopify",
          "it": "http:\/\/fancy.com\/Shopify",
          "ja": "http:\/\/fancy.com\/Shopify",
          "ko": "http:\/\/fancy.com\/Shopify",
          "nb": "http:\/\/fancy.com\/Shopify",
          "nl": "http:\/\/fancy.com\/Shopify",
          "pl": "http:\/\/fancy.com\/Shopify",
          "pt-BR": "http:\/\/fancy.com\/Shopify",
          "pt-PT": "http:\/\/fancy.com\/Shopify",
          "sv": "http:\/\/fancy.com\/Shopify",
          "th": "http:\/\/fancy.com\/Shopify",
          "tr": "http:\/\/fancy.com\/Shopify",
          "vi": "http:\/\/fancy.com\/Shopify",
          "zh-CN": "http:\/\/fancy.com\/Shopify",
          "zh-TW": "http:\/\/fancy.com\/Shopify"
        }
      },
      {
        "type": "blog",
        "id": "main_blog",
        "label": {
          "cs": "Blog",
          "da": "Blog",
          "de": "Blog",
          "en": "Blog",
          "es": "Blog",
          "fi": "Blogi",
          "fr": "Blog",
          "it": "Blog",
          "ja": "ブログ",
          "ko": "블로그",
          "nb": "Blogg",
          "nl": "Blog",
          "pl": "Blog",
          "pt-BR": "Blog",
          "pt-PT": "Blogue",
          "sv": "Blogg",
          "th": "บล็อก",
          "tr": "Blog",
          "vi": "Blog",
          "zh-CN": "博客",
          "zh-TW": "部落格"
        }
      },
      {
        "type": "header",
        "content": {
          "cs": "Možnosti pro sdílení na sociálních sítích",
          "da": "Muligheder for deling på sociale medier",
          "de": "Social-Sharing-Optionen",
          "en": "Social sharing options",
          "es": "Opciones para compartir en redes sociales",
          "fi": "Sosiaalisen median jakamisvaihtoehdot",
          "fr": "Options de partage social",
          "it": "Opzioni di condivisione sui social",
          "ja": "SNSシェアのオプション",
          "ko": "소셜 공유 옵션",
          "nb": "Knapper for deling på sosiale medier",
          "nl": "Opties voor sociaal delen",
          "pl": "Opcje udostępniania w mediach społecznościowych",
          "pt-BR": "Opções de compartilhamento em redes sociais",
          "pt-PT": "Opções de partilha em redes sociais",
          "sv": "Alternativ för delning i sociala medier",
          "th": "ตัวเลือกการแชร์ไปยังโซเชียลมีเดีย",
          "tr": "Sosyal medya paylaşım seçenekleri",
          "vi": "Tùy chọn chia sẻ qua mạng xã hội",
          "zh-CN": "社交分享选项",
          "zh-TW": "社群分享選項"
        }
      },
      {
        "type": "checkbox",
        "id": "share_facebook",
        "label": {
          "cs": "Sdílet na Facebooku",
          "da": "Del på Facebook",
          "de": "Auf Facebook teilen",
          "en": "Share on Facebook",
          "es": "Compartir en Facebook",
          "fi": "Jaa Facebookissa",
          "fr": "Partager sur Facebook",
          "it": "Condividi su Facebook",
          "ja": "Facebookでシェアする",
          "ko": "Facebook에서 공유",
          "nb": "Del på Facebook",
          "nl": "Delen op Facebook",
          "pl": "Udostępnij na Facebooku",
          "pt-BR": "Compartilhar no Facebook",
          "pt-PT": "Partilhe no Facebook",
          "sv": "Dela på Facebook",
          "th": "แชร์บน Facebook",
          "tr": "Facebook'ta paylaş",
          "vi": "Chia sẻ trên Facebook",
          "zh-CN": "在 Facebook 上共享",
          "zh-TW": "分享至 Facebook"
        }
      },
      {
        "type": "checkbox",
        "id": "share_twitter",
        "label": {
          "cs": "Tweetnout na Twitteru",
          "da": "Tweet på Twitter",
          "de": "Auf Twitter twittern",
          "en": "Tweet on Twitter",
          "es": "Tuitear en Twitter",
          "fi": "Twiittaa Twitterissä",
          "fr": "Tweeter sur Twitter",
          "it": "Twitta su Twitter",
          "ja": "Twitterに投稿する",
          "ko": "Twitter에서 트윗 작성",
          "nb": "Tweet på Twitter",
          "nl": "Twitteren op Twitter",
          "pl": "Tweetuj na Twitterze",
          "pt-BR": "Tuitar",
          "pt-PT": "Twittar no Twitter",
          "sv": "Twittra på Twitter",
          "th": "ทวีตบน Twitter",
          "tr": "Twitter'da tweet'le",
          "vi": "Tweet trên Twitter",
          "zh-CN": "在 Twitter 上发推文",
          "zh-TW": "在 Twitter 上發佈推文"
        }
      },
      {
        "type": "checkbox",
        "id": "share_pinterest",
        "label": {
          "cs": "Připnout na Pinterestu",
          "da": "Pin på Pinterest",
          "de": "Auf Pinterest pinnen",
          "en": "Pin on Pinterest",
          "es": "Pinear en Pinterest",
          "fi": "Pinnaa Pinterestissä",
          "fr": "Épingler sur Pinterest",
          "it": "Pinna su Pinterest",
          "ja": "Pinterestでピンする",
          "ko": "Pinterest에 고정하기",
          "nb": "Pin på Pinterest",
          "nl": "Pinnen op Pinterest",
          "pl": "Przypnij do tablicy Pinterest",
          "pt-BR": "Incluir como pin no Pinterest",
          "pt-PT": "Adicione no Pinterest",
          "sv": "Spara en pin på Pinterest",
          "th": "ปักหมุดบน Pinterest",
          "tr": "Pinterest'te pin ekle",
          "vi": "Ghim trên Pinterest",
          "zh-CN": "固定在 Pinterest 上",
          "zh-TW": "加入 Pinterest"
        }
      }
    ]
  },
  {
    "name": {
      "cs": "Favikona",
      "da": "Favoritikon",
      "de": "Favicon",
      "en": "Favicon",
      "es": "Favicon",
      "fi": "Favicon",
      "fr": "Favicon",
      "it": "Favicon",
      "ja": "ファビコン",
      "ko": "Favicon",
      "nb": "Favicon",
      "nl": "Favicon",
      "pl": "Ikona Favicon",
      "pt-BR": "Favicon",
      "pt-PT": "Favicon",
      "sv": "Favicon",
      "th": "Favicon",
      "tr": "Favicon",
      "vi": "Biểu tượng trang web",
      "zh-CN": "网站图标",
      "zh-TW": "Favicon"
    },
    "settings": [
      {
        "type": "image_picker",
        "id": "favicon",
        "label": {
          "cs": "Obrázek favikony",
          "da": "Billede for favoritikon",
          "de": "Favicon-Bild",
          "en": "Favicon image",
          "es": "Imagen de favicon",
          "fi": "Favicon-kuva",
          "fr": "Image favicon",
          "it": "Immagine favicon",
          "ja": "ファビコン画像",
          "ko": "파비콘 이미지",
          "nb": "Favicon-bilde",
          "nl": "Favicon-afbeelding",
          "pl": "Obraz ikony Favicon",
          "pt-BR": "Imagem favicon",
          "pt-PT": "Imagem Favicon",
          "sv": "Favicon-bild",
          "th": "รูปภาพ Favicon",
          "tr": "Favicon görseli",
          "vi": "Hình ảnh biểu tượng trang web",
          "zh-CN": "网站图标图片",
          "zh-TW": "Favicon 圖片"
        },
        "info": {
          "cs": "Dojde ke zmenšení na 32 × 32 px",
          "da": "Skaleres ned til 32 x 32 px",
          "de": "Wird auf 32 x 32 Pixel verkleinert",
          "en": "Will be scaled down to 32 x 32px",
          "es": "Se reducirá a 32 x 32px",
          "fi": "Skaalataan 32 x 32 pikseliin",
          "fr": "Sera réduite à 32 x 32 px",
          "it": "Verrà ridimensionata a 32 x 32 pixel.",
          "ja": "32×32ピクセルに縮小されます。",
          "ko": "32x32 픽셀로 축소됩니다.",
          "nb": "Vil skaleres ned til 32 x 32 px",
          "nl": "Wordt verkleind tot 32x32 pixels",
          "pl": "Zostanie zmniejszony do rozmiaru 32 x 32 piksele",
          "pt-BR": "Será reduzida para 32 x 32 pixels",
          "pt-PT": "Será reduzida para 32 x 32 px",
          "sv": "Kommer skalas ned till 32 x 32 px",
          "th": "จะถูกลดขนาดลงเป็น 32 x 32 พิกเซล",
          "tr": "Ölçeği 32 x 32 piksele düşürülür",
          "vi": "Sẽ được thu nhỏ xuống 32 x 32px",
          "zh-CN": "将缩小到 32 x 32px",
          "zh-TW": "將會縮小為 32 x 32 像素"
        }
      }
    ]
  }
]