{"current":{"color_body_bg":"#ffffff","color_body_text":"#000000","color_primary_color":"#000000","color_primary_button_text":"#ffffff","color_sale_badge":"#000000","color_borders":"#000000","color_form":"#f7f7f7","color_image_overlay_text":"#fff","color_image_overlay":"#ffffff","image_overlay_opacity":55,"type_header_font":"eurostile_next_n4","type_header_base_size":"25px","type_base_font":"eurostile_next_n4","type_base_size":"16px","type_button_base_size":"14px","type_navigation_base_size":"16px","show_breadcrumb_nav":false,"social_instagram_link":"https:\/\/www.instagram.com\/prismworldwide\/","share_facebook":false,"share_twitter":false,"share_pinterest":false,"favicon":"shopify:\/\/shop_images\/PrismScytheLogo.png","checkout_logo_position":"center","checkout_logo_size":"small","checkout_heading_font":"-apple-system, BlinkMacSystemFont, 'Segoe UI', Roboto, Helvetica, Arial, sans-serif, 'Apple Color Emoji', 'Segoe UI Emoji', 'Segoe UI Symbol'","checkout_accent_color":"#000000","checkout_button_color":"#000000","sections":{"header":{"type":"header","settings":{"logo":"shopify:\/\/shop_images\/GIF-ExT-H_bee1311d-0553-44fe-927f-16f4ae6a0054.gif","logo_max_width":180,"show_announcement":false,"home_page_only":false,"announcement_text":"Announce something here","announcement_link":"","tagline":""}},"slideshow":{"type":"slideshow","blocks":{"slideshow-0":{"type":"image","settings":{"image":"shopify:\/\/shop_images\/1.jpg","alignment":"center top","overlay_opacity":30,"color_text":"#000000","text_alignment":"center","slide_heading":"","button_label":"","button_link":""}},"2852bb29-4e5b-48b1-a3ac-6c4f811d8e16":{"type":"image","settings":{"image":"shopify:\/\/shop_images\/22.jpg","alignment":"center center","overlay_opacity":30,"color_text":"#000000","text_alignment":"center","slide_heading":"","button_label":"","button_link":""}},"288ceaf0-f0ba-476d-ba5c-449cf0f0bbba":{"type":"image","settings":{"image":"shopify:\/\/shop_images\/44.png","alignment":"center top","overlay_opacity":30,"color_text":"#000000","text_alignment":"center","slide_heading":"","button_label":"","button_link":""}},"15dc7584-e8fb-43e1-ae20-7ecca65064c5":{"type":"image","settings":{"image":"shopify:\/\/shop_images\/33.png","alignment":"center center","overlay_opacity":30,"color_text":"#ffffff","text_alignment":"center","slide_heading":"","button_label":"","button_link":""}}},"block_order":["slideshow-0","2852bb29-4e5b-48b1-a3ac-6c4f811d8e16","288ceaf0-f0ba-476d-ba5c-449cf0f0bbba","15dc7584-e8fb-43e1-ae20-7ecca65064c5"],"settings":{"slider_height":"large","slider_home_auto":false,"slider_home_rate":7,"slider_home_transition":"slide","text_size":"small"}},"featured-products":{"type":"featured-products","disabled":true,"settings":{"title":"Featured collection","home_page_featured_products":"","home_featured_products_row_num":2}},"map":{"type":"map","disabled":true,"settings":{"heading":"Our store","address":"<p>123 Fake St.<br>Toronto, Canada<\/p><p>Mon - Fri, 10am - 9pm<br>Saturday, 11am - 9pm<br>Sunday, 11am - 5pm<\/p>","map_address":"80 Spadina Ave, Toronto","button_text":"Get directions","show_pin":true,"api_key":"","background_image_position":"center center"}},"product-template":{"type":"product-template","settings":{"product_quantity_enable":false,"vendor_show":false,"social_sharing_products":true,"product_description_position":"right","show_extra_tab":true,"extra_tab_content":"","product_image_zoom_type":"none","enable_payment_button":true,"add_to_cart_width":"regular"}},"collection-template":{"type":"collection-template","settings":{"vendor_show":false,"collection_sort_enable":false,"collection_tag_enable":false}},"footer":{"type":"footer","blocks":{"footer-0":{"type":"menu","disabled":true,"settings":{"title":"Links","menu":"footer"}},"footer-1":{"type":"newsletter","settings":{"subtext":""}}},"block_order":["footer-0","footer-1"],"settings":{"show_payment_icons":true}},"sidebar":{"type":"sidebar","settings":{"main_menu_link_list":"main-menu"}},"password-header":{"type":"password-header","settings":{"logo":"shopify:\/\/shop_images\/PrismLogoFinal.png","logo_max_width":270}},"password-content":{"type":"password-content","settings":{"title":"","newsletter_enable":true,"newsletter_form_heading":"SITE OPENS SOON!","newsletter_form_subheading":"","newsletter_placeholder":"Email Address","newsletter_button_text":"SUBSCRIBE","show_share_buttons":false,"social_message":"Spread the word"}},"slider":{"type":"slider","settings":{"slide1_image":"shopify:\/\/shop_images\/photo_2023-02-23_20-14-24.jpg","slide1_title":"","slide1_description":"","slide2_image":"shopify:\/\/shop_images\/mbzz.jpg","slide2_title":"","slide2_description":"","slide3_image":"shopify:\/\/shop_images\/mbzz.jpg","slide3_title":"","slide3_description":""}},"product-recommendations":{"type":"product-recommendations","settings":{"show_product_recommendations":true,"heading":"You may also like","vendor_show":false}}},"content_for_index":[]},"presets":{"Light":{"color_body_bg":"#ffffff","color_body_text":"#333333","color_primary_color":"#333333","color_primary_button_text":"#ffffff","color_sale_badge":"#c8493f","color_borders":"#e8e8e8","color_form":"#f4f4f4","color_image_overlay_text":"#fff","color_image_overlay":"#333333","image_overlay_opacity":"25","type_header_font":"times_new_roman_n4","type_header_base_size":"28px","type_base_font":"helvetica_n4","type_base_size":"15px","type_button_base_size":"14px","type_navigation_base_size":"16px","show_breadcrumb_nav":true,"share_facebook":true,"share_twitter":true,"share_pinterest":true,"sections":{"featured-products":{"type":"featured-products","settings":{"home_page_featured_products":"frontpage"}},"featured-content":{"type":"featured-content","settings":{}},"footer":{"type":"footer","blocks":{"footer-0":{"type":"menu","settings":{"menu":"footer"}}},"block_order":["footer-0"],"settings":{}}},"content_for_index":["featured-products","featured-content"]},"Beauty":{"color_body_bg":"#fafafa","color_body_text":"#3c4049","color_primary_color":"#c13121","color_primary_button_text":"#ffffff","color_sale_badge":"#c13121","color_borders":"#d7d8d2","color_form":"#ffffff","color_image_overlay_text":"#fff","color_image_overlay":"#605050","image_overlay_opacity":45,"type_header_font":"futura_n4","type_header_base_size":"32px","type_base_font":"futura_n4","type_base_size":"19px","type_button_base_size":"14px","type_navigation_base_size":"16px","show_breadcrumb_nav":true,"share_facebook":true,"share_twitter":true,"share_pinterest":true,"sections":{"header":{"type":"header","settings":{"show_announcement":true}},"slideshow":{"type":"slideshow","blocks":{"slideshow-0":{"type":"image","settings":{"text_alignment":"left"}},"slideshow-1":{"type":"image","settings":{"text_alignment":"left"}},"slideshow-2":{"type":"image","settings":{"text_alignment":"left"}}},"block_order":["slideshow-0","slideshow-1","slideshow-2"],"settings":{"slider_height":"medium","slider_home_rate":5}},"advanced-content-0":{"type":"advanced-content","blocks":{"advanced-content-0-0":{"type":"html","settings":{"code":"<hr>"}}},"block_order":["advanced-content-0-0"],"settings":{"title":""}},"featured-content":{"type":"featured-content","settings":{"section_title":"","text_size":"large"}},"featured-products":{"type":"featured-products","settings":{"home_page_featured_products":"frontpage"}},"advanced-content-1":{"type":"advanced-content","blocks":{"advanced-content-1-0":{"type":"html","settings":{"code":"<hr>"}}},"block_order":["advanced-content-1-0"],"settings":{"title":""}},"featured-row":{"type":"featured-row","settings":{"layout":"right"}},"product-template":{"type":"product-template","settings":{"product_quantity_enable":true,"vendor_show":true,"product_description_position":"right","show_extra_tab":true,"extra_tab_content":"","product_image_zoom_type":"none","add_to_cart_width":"full_width"}},"collection-template":{"type":"collection-template","settings":{"vendor_show":true,"collection_tag_enable":true}},"footer":{"type":"footer","blocks":{"footer-0":{"type":"menu","settings":{"menu":"footer"}},"footer-1":{"type":"text","settings":{}},"footer-2":{"type":"newsletter","settings":{}}},"block_order":["footer-0","footer-1","footer-2"],"settings":{}}},"content_for_index":["slideshow","advanced-content-0","featured-content","featured-products","advanced-content-1","featured-row"]},"Toy":{"color_body_text":"#5b4c45","color_primary_color":"#0f857c","color_primary_button_text":"#ffffff","color_sale_badge":"#a5674d","color_borders":"#ede8e7","color_image_overlay":"#0f857c","image_overlay_opacity":55,"type_header_font":"swiss_721_rounded_n7","type_header_base_size":"28px","type_base_font":"itc_johnston_n5","type_base_size":"16px","type_button_base_size":"14px","type_navigation_base_size":"16px","show_breadcrumb_nav":true,"share_facebook":true,"share_twitter":true,"share_pinterest":true,"sections":{"header":{"type":"header","settings":{"show_announcement":true}},"slideshow":{"type":"slideshow","blocks":{"slideshow-0":{"type":"image","settings":{}}},"block_order":["slideshow-0"],"settings":{"slider_height":"large","text_size":"large"}},"featured-products":{"type":"featured-products","settings":{}},"map":{"type":"map","settings":{}},"product-template":{"type":"product-template","settings":{"product_quantity_enable":true,"vendor_show":true,"product_description_position":"right","show_extra_tab":true,"extra_tab_content":"","product_image_zoom_type":"none","add_to_cart_width":"regular"}},"collection-template":{"type":"collection-template","settings":{"vendor_show":false}},"footer":{"type":"footer","blocks":{"footer-0":{"type":"menu","settings":{"menu":"footer"}},"footer-1":{"type":"newsletter","settings":{}}},"block_order":["footer-0","footer-1"],"settings":{}}},"content_for_index":["slideshow","featured-products","map"]}}}