{"type":"footer","name":"t:sections.footer.settings.footer-group.label","sections":{"footer":{"type":"footer","blocks":{"footer-1":{"type":"link_list","settings":{"heading":"Quick links","menu":"footer"}},"footer-5":{"type":"subscribe","settings":{"heading":"<p>Join The Family<\/p>","newsletter_text":"<p>Shop now and elevate your style with our exclusive streetwear collection.<\/p>","newsletter_sub":"<p>By subscribing you agree to the Terms of Use and Privacy Policy.<\/p>","button_label":"Join the family","button_style":"primary"}},"footer-0":{"type":"logo_info","settings":{"logo":"shopify:\/\/shop_images\/Family_Over_Everything_-_Nw_Logo.webp","letter_text":"","logo_width":100}}},"block_order":["footer-1","footer-5","footer-0"],"settings":{"color_scheme":"","enable_language_selector":true,"enable_country_selector":true,"enable_follow_on_shop":false,"payment_enable":false,"show_policy":false,"margin_top":"no-indent","padding_top":"m","padding_bottom":"m","enable_border_top":false}}},"order":["footer"]}