{"sections":{"main":{"type":"main-page","disabled":true,"settings":{"padding_top":28,"padding_bottom":28}},"19f79ca2-b4b9-4a66-bab4-ac10a710980a":{"type":"multicolumn","blocks":{"template--14490044072065__19f79ca2-b4b9-4a66-bab4-ac10a710980a-167989861971adbd16-0":{"type":"column","settings":{"title":"Image","text":"<p>Input image here by browsing to the Theme Editor.<br\/>Navigate to Online Store -&gt; Customize, then by browsing to this page.<br\/>Then, click on this box and add an Image on the right, then delete this text!<\/p>","link_label":"","link":""}},"template--14490044072065__19f79ca2-b4b9-4a66-bab4-ac10a710980a-167989861971adbd16-1":{"type":"column","settings":{"title":"Image","text":"<p>You can also add more boxes on the left, by clicking \"Add Column\".<\/p>","link_label":"","link":""}},"template--14490044072065__19f79ca2-b4b9-4a66-bab4-ac10a710980a-167989861971adbd16-2":{"type":"column","settings":{"title":"Image","text":"<p>Make sure to look through the Theme Editor for more features you can edit on the store to customize your store to your liking!<\/p>","link_label":"","link":""}},"37db74d6-3c9c-47d9-8953-673d819c43ad":{"type":"column","settings":{"title":"Image","text":"","link_label":"","link":""}},"18503083-e71f-4bdc-a4b6-8f56e2f8057e":{"type":"column","settings":{"title":"Image","text":"","link_label":"","link":""}},"72ef35a6-5fcc-45af-8935-f1774247f729":{"type":"column","settings":{"title":"Image","text":"","link_label":"","link":""}}},"block_order":["template--14490044072065__19f79ca2-b4b9-4a66-bab4-ac10a710980a-167989861971adbd16-0","template--14490044072065__19f79ca2-b4b9-4a66-bab4-ac10a710980a-167989861971adbd16-1","template--14490044072065__19f79ca2-b4b9-4a66-bab4-ac10a710980a-167989861971adbd16-2","37db74d6-3c9c-47d9-8953-673d819c43ad","18503083-e71f-4bdc-a4b6-8f56e2f8057e","72ef35a6-5fcc-45af-8935-f1774247f729"],"settings":{"title":"","heading_size":"h1","image_width":"full","image_ratio":"portrait","columns_desktop":3,"column_alignment":"center","background_style":"primary","button_label":"","button_link":"","color_scheme":"background-1","columns_mobile":"1","swipe_on_mobile":false,"padding_top":36,"padding_bottom":36}}},"order":["main","19f79ca2-b4b9-4a66-bab4-ac10a710980a"]}