{"sections":{"main":{"type":"main-page","disabled":true,"settings":{"padding_top":28,"padding_bottom":28}},"76dc6211-35c0-4ac4-b699-2a4113578fa9":{"type":"rich-text","blocks":{"template--14490044039297__76dc6211-35c0-4ac4-b699-2a4113578fa9-16798985633bbca965-0":{"type":"heading","settings":{"heading":"<p>Our Brand.<\/p>","heading_size":"h1"}},"template--14490044039297__76dc6211-35c0-4ac4-b699-2a4113578fa9-16798985633bbca965-1":{"type":"text","settings":{"text":"<p>Edit this text through the Theme Editor. <br\/>You can access the Theme Editor through Online Store -&gt; Customize, then browse to this page.<\/p>"}}},"block_order":["template--14490044039297__76dc6211-35c0-4ac4-b699-2a4113578fa9-16798985633bbca965-0","template--14490044039297__76dc6211-35c0-4ac4-b699-2a4113578fa9-16798985633bbca965-1"],"settings":{"desktop_content_position":"center","content_alignment":"center","color_scheme":"background-1","full_width":true,"padding_top":40,"padding_bottom":52}}},"order":["main","76dc6211-35c0-4ac4-b699-2a4113578fa9"]}