{"name":"t:sections.header.name","type":"header","sections":{"announcement-bar":{"type":"announcement-bar","blocks":{"announcement-bar-0":{"type":"announcement","settings":{"text":"Welcome to our store","text_alignment":"center","color_scheme":"background-1","link":""}}},"block_order":["announcement-bar-0"],"disabled":true,"settings":{}},"header":{"type":"header","settings":{"logo_position":"top-center","menu":"main-menu","heading_menu_size_custom":17,"menu_type_desktop":"dropdown","sticky_header_type":"none","show_line_separator":false,"mobile_logo_position":"center","margin_bottom":0,"padding_top":20,"padding_bottom":20,"menu_drawer_bg":"rgba(0,0,0,0)","show_cart_bg":false,"cart_bg_pos":"center"}},"2fdc4d38-0d9a-442f-aa28-acdb8ef7e8ef":{"type":"header-time","disabled":true,"settings":{"pc_date_time":true,"mobile_date_time":true,"shop_date_time_color":"#ffffff","shop_date_time_size":13}}},"order":["announcement-bar","header","2fdc4d38-0d9a-442f-aa28-acdb8ef7e8ef"]}